IE_NAME;IP_PROP36;IP_PROP70;IP_PROP71;IP_PROP72;IP_PROP74;IP_PROP75;IP_PROP76;IP_PROP46;CP_QUANTITY;CV_QUANTITY_FROM;CV_QUANTITY_TO;CV_PRICE_1;CV_CURRENCY_1
2Fingers-0001;Colorful;Fruits;A thin transparent film of 8-10 microns.;2Fingers;Fruits;16;Lucky Rose;WD-TF-2F-0001;100;;;1,99;USD
2Fingers-0002;Colorful;Mixed;A thin transparent film of 8-10 microns.;2Fingers;Mixed;16;Lucky Rose;WD-TF-2F-0002;100;;;1,99;USD
2Fingers-0003;Colorful;Mixed;A thin transparent film of 8-10 microns.;2Fingers;Mixed;16;Lucky Rose;WD-TF-2F-0003;100;;;1,99;USD
2Fingers-0004;Colorful;Mixed;A thin transparent film of 8-10 microns.;2Fingers;Mixed;16;Lucky Rose;WD-TF-2F-0004;100;;;1,99;USD
2Fingers-0005;Colorful;Mixed;A thin transparent film of 8-10 microns.;2Fingers;Mixed;16;Lucky Rose;WD-TF-2F-0005;100;;;1,99;USD
2Fingers-0006;Colorful;Heroes;A thin transparent film of 8-10 microns.;2Fingers;Heroes;16;Lucky Rose;WD-TF-2F-0006;100;;;1,99;USD
2Fingers-0007;Black;Mixed;A thin transparent film of 8-10 microns.;2Fingers;Mixed;16;Lucky Rose;WD-TF-2F-0007;100;;;1,99;USD
2Fingers-0008;Black;Mixed;A thin transparent film of 8-10 microns.;2Fingers;Mixed;16;Lucky Rose;WD-TF-2F-0008;100;;;1,99;USD
2Fingers-0009;Black;Mixed;A thin transparent film of 8-10 microns.;2Fingers;Mixed;16;Lucky Rose;WD-TF-2F-0009;100;;;1,99;USD
2Fingers-0010;Black;Mixed;A thin transparent film of 8-10 microns.;2Fingers;Mixed;16;Lucky Rose;WD-TF-2F-0010;100;;;1,99;USD
2Fingers-0011;Colorful;Floral;A thin transparent film of 8-10 microns.;2Fingers;Floral;16;Lucky Rose;WD-TF-2F-0011;100;;;1,99;USD
2Fingers-0012;Colorful;Mixed;A thin transparent film of 8-10 microns.;2Fingers;Mixed;16;Lucky Rose;WD-TF-2F-0012;100;;;1,99;USD
2Fingers-0013;Colorful;Floral;A thin transparent film of 8-10 microns.;2Fingers;Floral;16;Lucky Rose;WD-TF-2F-0013;100;;;1,99;USD
2Fingers-0014;Colorful;Mixed;A thin transparent film of 8-10 microns.;2Fingers;Mixed;16;Lucky Rose;WD-TF-2F-0014;100;;;1,99;USD
2Fingers-0015;Colorful;Animals;A thin transparent film of 8-10 microns.;2Fingers;Animals;16;Lucky Rose;WD-TF-2F-0015;100;;;1,99;USD
2Fingers-0016;Black;Lace;A thin transparent film of 8-10 microns.;2Fingers;Lace;16;Lucky Rose;WD-TF-2F-0016;100;;;1,99;USD
2Fingers-0017;Colorful;Animals;A thin transparent film of 8-10 microns.;2Fingers;Animals;16;Lucky Rose;WD-TF-2F-0017;100;;;1,99;USD
2Fingers-0018;Colorful;Seosons;A thin transparent film of 8-10 microns.;2Fingers;Seosons;16;Lucky Rose;WD-TF-2F-0018;100;;;1,99;USD
2Fingers-0019;Colorful;Thematic;A thin transparent film of 8-10 microns.;2Fingers;Thematic;16;Lucky Rose;WD-TF-2F-0019;100;;;1,99;USD
2Fingers-0020;Colorful;Mixed;A thin transparent film of 8-10 microns.;2Fingers;Mixed;16;Lucky Rose;WD-TF-2F-0020;100;;;1,99;USD
2Fingers-0021;Colorful;Others;A thin transparent film of 8-10 microns.;2Fingers;Others;16;Lucky Rose;WD-TF-2F-0021;100;;;1,99;USD
2Fingers-0022;Colorful;Pattern;A thin transparent film of 8-10 microns.;2Fingers;Pattern;16;Lucky Rose;WD-TF-2F-0022;100;;;1,99;USD
2Fingers-0023;Colorful;Others;A thin transparent film of 8-10 microns.;2Fingers;Others;16;Lucky Rose;WD-TF-2F-0023;100;;;1,99;USD
2Fingers-0024;Colorful;Butterfly;A thin transparent film of 8-10 microns.;2Fingers;Butterfly;16;Lucky Rose;WD-TF-2F-0024;100;;;1,99;USD
2Fingers-0025;Colorful;Mixed;A thin transparent film of 8-10 microns.;2Fingers;Mixed;16;Lucky Rose;WD-TF-2F-0025;100;;;1,99;USD
3D slider-0001;Colorful;Mixed;A thin transparent film of 8-10 microns.;3D slider;Mixed;30;Lucky Rose;WD-TF-3D-0001;100;;;1,99;USD
3D slider-0002;Black-White;Mixed;A thin transparent film of 8-10 microns.;3D slider;Mixed;30;Lucky Rose;WD-TF-3D-0002;100;;;1,99;USD
3D slider-0003;White;Lace;A thin transparent film of 8-10 microns.;3D slider;Lace;14;Lucky Rose;WD-TF-3D-0003;100;;;1,99;USD
3D slider-0004;Black;Lace;A thin transparent film of 8-10 microns.;3D slider;Lace;14;Lucky Rose;WD-TF-3D-0004;100;;;1,99;USD
3D slider-0005;Black-White;Geometry;A thin transparent film of 8-10 microns.;3D slider;Geometry;30;Lucky Rose;WD-TF-3D-0005;100;;;1,99;USD
3D slider-0006;Colorful;Pattern;A thin transparent film of 8-10 microns.;3D slider;Pattern;14;Lucky Rose;WD-TF-3D-0006;100;;;1,99;USD
3D slider-0007;Colorful;Butterfly;A thin transparent film of 8-10 microns.;3D slider;Butterfly;30;Lucky Rose;WD-TF-3D-0007;100;;;1,99;USD
3D slider-0008;Colorful;Butterfly;A thin transparent film of 8-10 microns.;3D slider;Butterfly;21;Lucky Rose;WD-TF-3D-0008;100;;;1,99;USD
3D slider-0009;Black-White;Inscriptions;A thin transparent film of 8-10 microns.;3D slider;Inscriptions;30;Lucky Rose;WD-TF-3D-0009;100;;;1,99;USD
3D slider-0010;Colorful;Flowers;A thin transparent film of 8-10 microns.;3D slider;Flowers;21;Lucky Rose;WD-TF-3D-0010;100;;;1,99;USD
3D slider-0011;Colorful;Flowers;A thin transparent film of 8-10 microns.;3D slider;Flowers;14;Lucky Rose;WD-TF-3D-0011;100;;;1,99;USD
3D slider-0012;Colorful;Fruits;A thin transparent film of 8-10 microns.;3D slider;Fruits;30;Lucky Rose;WD-TF-3D-0012;100;;;1,99;USD
3D slider-0013;Colorful;Flowers;A thin transparent film of 8-10 microns.;3D slider;Flowers;30;Lucky Rose;WD-TF-3D-0013;100;;;1,99;USD
3D slider-0014;White;Flowers;A thin transparent film of 8-10 microns.;3D slider;Flowers;21;Lucky Rose;WD-TF-3D-0014;100;;;1,99;USD
3D slider-0015;Colorful;Floral;A thin transparent film of 8-10 microns.;3D slider;Floral;30;Lucky Rose;WD-TF-3D-0015;100;;;1,99;USD
3D slider-0016;Black-White;Pattern;A thin transparent film of 8-10 microns.;3D slider;Pattern;30;Lucky Rose;WD-TF-3D-0016;100;;;1,99;USD
3D slider-0017;Colorful;Flowers;A thin transparent film of 8-10 microns.;3D slider;Flowers;14;Lucky Rose;WD-TF-3D-0017;100;;;1,99;USD
3D slider-0018;Colorful;Floral;A thin transparent film of 8-10 microns.;3D slider;Floral;30;Lucky Rose;WD-TF-3D-0018;100;;;1,99;USD
3D slider-0019;Colorful;Mixed;A thin transparent film of 8-10 microns.;3D slider;Mixed;30;Lucky Rose;WD-TF-3D-0019;100;;;1,99;USD
3D slider-0020;Black-White;Pattern;A thin transparent film of 8-10 microns.;3D slider;Pattern;14;Lucky Rose;WD-TF-3D-0020;100;;;1,99;USD
3D slider-0021;Colorful;Others;A thin transparent film of 8-10 microns.;3D slider;Others;30;Lucky Rose;WD-TF-3D-0021;100;;;1,99;USD
3D slider-0022;Colorful;Seosons;A thin transparent film of 8-10 microns.;3D slider;Seosons;30;Lucky Rose;WD-TF-3D-0022;100;;;1,99;USD
3D slider-0023;Colorful;Inscriptions;A thin transparent film of 8-10 microns.;3D slider;Inscriptions;30;Lucky Rose;WD-TF-3D-0023;100;;;1,99;USD
3D slider-0024;Colorful;Mixed;A thin transparent film of 8-10 microns.;3D slider;Mixed;30;Lucky Rose;WD-TF-3D-0024;100;;;1,99;USD
3D slider-0025;Colorful;Mixed;A thin transparent film of 8-10 microns.;3D slider;Mixed;30;Lucky Rose;WD-TF-3D-0025;100;;;1,99;USD
3D slider-0026;Colorful;Mixed;A thin transparent film of 8-10 microns.;3D slider;Mixed;30;Lucky Rose;WD-TF-3D-0026;100;;;1,99;USD
3D slider-0027;Colorful;Mixed;A thin transparent film of 8-10 microns.;3D slider;Mixed;30;Lucky Rose;WD-TF-3D-0027;100;;;1,99;USD
3D slider-0028;Colorful;Others;A thin transparent film of 8-10 microns.;3D slider;Others;21;Lucky Rose;WD-TF-3D-0028;100;;;1,99;USD
3D slider-0029;Black-White;Lace;A thin transparent film of 8-10 microns.;3D slider;Lace;30;Lucky Rose;WD-TF-3D-0029;100;;;1,99;USD
3D slider-0030;Colorful;Mixed;A thin transparent film of 8-10 microns.;3D slider;Mixed;30;Lucky Rose;WD-TF-3D-0030;100;;;1,99;USD
3D slider-0031;Colorful;Flowers;A thin transparent film of 8-10 microns.;3D slider;Flowers;30;Lucky Rose;WD-TF-3D-0031;100;;;1,99;USD
3D slider-0032;Colorful;Flowers;A thin transparent film of 8-10 microns.;3D slider;Flowers;30;Lucky Rose;WD-TF-3D-0032;100;;;1,99;USD
3D slider-0033;Colorful;Mixed;A thin transparent film of 8-10 microns.;3D slider;Mixed;21;Lucky Rose;WD-TF-3D-0033;100;;;1,99;USD
3D slider-0034;Colorful;Mixed;A thin transparent film of 8-10 microns.;3D slider;Mixed;30;Lucky Rose;WD-TF-3D-0034;100;;;1,99;USD
3D slider-0035;Colorful;Floral;A thin transparent film of 8-10 microns.;3D slider;Floral;21;Lucky Rose;WD-TF-3D-0035;100;;;1,99;USD
3D slider-0036;Colorful;Others;A thin transparent film of 8-10 microns.;3D slider;Others;21;Lucky Rose;WD-TF-3D-0036;100;;;1,99;USD
3D slider-0037;Colorful;Mixed;A thin transparent film of 8-10 microns.;3D slider;Mixed;21;Lucky Rose;WD-TF-3D-0037;100;;;1,99;USD
3D slider-0038;Colorful;Mixed;A thin transparent film of 8-10 microns.;3D slider;Mixed;21;Lucky Rose;WD-TF-3D-0038;100;;;1,99;USD
3D slider-0039;Colorful;Mixed;A thin transparent film of 8-10 microns.;3D slider;Mixed;21;Lucky Rose;WD-TF-3D-0039;100;;;1,99;USD
3D slider-0040;Colorful;Floral;A thin transparent film of 8-10 microns.;3D slider;Floral;21;Lucky Rose;WD-TF-3D-0040;100;;;1,99;USD
3D slider-0041;Colorful;Inscriptions;A thin transparent film of 8-10 microns.;3D slider;Inscriptions;30;Lucky Rose;WD-TF-3D-0041;100;;;1,99;USD
3D slider-0042;Colorful;Seosons;A thin transparent film of 8-10 microns.;3D slider;Seosons;30;Lucky Rose;WD-TF-3D-0042;100;;;1,99;USD
Aero Black-0001;Black;Geometry;A thin transparent film of 8-10 microns.;Aero Black;Geometry;14;Lucky Rose;WD-TF-A-B-0001;100;;;1,99;USD
Aero Black-0002;Black;Gradient;A thin transparent film of 8-10 microns.;Aero Black;Gradient;14;Lucky Rose;WD-TF-A-B-0002;100;;;1,99;USD
Aero Black-0003;Black;Geometry;A thin transparent film of 8-10 microns.;Aero Black;Geometry;14;Lucky Rose;WD-TF-A-B-0003;100;;;1,99;USD
Aero Black-0004;Black;Geometry;A thin transparent film of 8-10 microns.;Aero Black;Geometry;14;Lucky Rose;WD-TF-A-B-0004;100;;;1,99;USD
Aero Neon-0006;Colorful;Mixed;A thin transparent film of 8-10 microns.;Aero Neon;Mixed;21;Lucky Rose;WD-TF-A-N-0006;100;;;1,99;USD
Aero Neon-0007;Colorful;Others;A thin transparent film of 8-10 microns.;Aero Neon;Others;14;Lucky Rose;WD-TF-A-N-0007;100;;;1,99;USD
Aero Neon-0008;Colorful;Geometry;A thin transparent film of 8-10 microns.;Aero Neon;Geometry;21;Lucky Rose;WD-TF-A-N-0008;100;;;1,99;USD
Aero Neon-0009;Colorful;Mixed;A thin transparent film of 8-10 microns.;Aero Neon;Mixed;30;Lucky Rose;WD-TF-A-N-0009;100;;;1,99;USD
Aero Neon-0010;Colorful;Mixed;A thin transparent film of 8-10 microns.;Aero Neon;Mixed;30;Lucky Rose;WD-TF-A-N-0010;100;;;1,99;USD
Aero White-0001;White;Geometry;A thin transparent film of 8-10 microns.;Aero White;Geometry;14;Lucky Rose;WD-TF-A-W-0001;100;;;1,99;USD
Aero White-0002;White;Gradient;A thin transparent film of 8-10 microns.;Aero White;Gradient;14;Lucky Rose;WD-TF-A-W-0002;100;;;1,99;USD
Aero White-0003;White;Geometry;A thin transparent film of 8-10 microns.;Aero White;Geometry;14;Lucky Rose;WD-TF-A-W-0003;100;;;1,99;USD
Aero White-0004;White;Geometry;A thin transparent film of 8-10 microns.;Aero White;Geometry;14;Lucky Rose;WD-TF-A-W-0004;100;;;1,99;USD
Aero-0005;Black-White;Others;A thin transparent film of 8-10 microns.;Aero;Others;14;Lucky Rose;WD-TF-A-0005;100;;;1,99;USD
Aero-0011;Colorful;Animals;A thin transparent film of 8-10 microns.;Aero;Animals;21;Lucky Rose;WD-TF-A-0011;100;;;1,99;USD
Aero-0012;Colorful;Geometry;A thin transparent film of 8-10 microns.;Aero;Geometry;21;Lucky Rose;WD-TF-A-0012;100;;;1,99;USD
Aero-0013;Colorful;Seosons;A thin transparent film of 8-10 microns.;Aero;Seosons;30;Lucky Rose;WD-TF-A-0013;100;;;1,99;USD
Aero-0014;Black-White;Geometry;A thin transparent film of 8-10 microns.;Aero;Geometry;21;Lucky Rose;WD-TF-A-0014;100;;;1,99;USD
Aero-0015;Colorful;Mixed;A thin transparent film of 8-10 microns.;Aero;Mixed;30;Lucky Rose;WD-TF-A-0015;100;;;1,99;USD
Aero-0016;Colorful;Inscriptions;A thin transparent film of 8-10 microns.;Aero;Inscriptions;30;Lucky Rose;WD-TF-A-0016;100;;;1,99;USD
Aero-0017;Colorful;Others;A thin transparent film of 8-10 microns.;Aero;Others;14;Lucky Rose;WD-TF-A-0017;100;;;1,99;USD
Aero-0018;Colorful;Mixed;A thin transparent film of 8-10 microns.;Aero;Mixed;14;Lucky Rose;WD-TF-A-0018;100;;;1,99;USD
Aero-0019;Colorful;Mixed;A thin transparent film of 8-10 microns.;Aero;Mixed;21;Lucky Rose;WD-TF-A-0019;100;;;1,99;USD
Aero-0020;Colorful;Mixed;A thin transparent film of 8-10 microns.;Aero;Mixed;21;Lucky Rose;WD-TF-A-0020;100;;;1,99;USD
Aero-0021;Colorful;Mixed;A thin transparent film of 8-10 microns.;Aero;Mixed;14;Lucky Rose;WD-TF-A-0021;100;;;1,99;USD
Aero-0022;Colorful;Mixed;A thin transparent film of 8-10 microns.;Aero;Mixed;30;Lucky Rose;WD-TF-A-0022;100;;;1,99;USD
Aero Neon-0023;Colorful;Flowers;A thin transparent film of 8-10 microns.;Aero;Flowers;30;Lucky Rose;WD-TF-A-0023;100;;;1,99;USD
Aero Neon-0024;Colorful;Mixed;A thin transparent film of 8-10 microns.;Aero;Mixed;30;Lucky Rose;WD-TF-A-0024;100;;;1,99;USD
Aero Neon-0025;Colorful;Inscriptions;A thin transparent film of 8-10 microns.;Aero;Inscriptions;21;Lucky Rose;WD-TF-A-0025;100;;;1,99;USD
Aero-0026;Colorful;Mixed;A thin transparent film of 8-10 microns.;Aero;Mixed;14;Lucky Rose;WD-TF-A-0026;100;;;1,99;USD
Aero-0027;Colorful;Seosons;A thin transparent film of 8-10 microns.;Aero;Seosons;30;Lucky Rose;WD-TF-A-0027;100;;;1,99;USD
Aero-0028;Colorful;Geometry;A thin transparent film of 8-10 microns.;Aero;Geometry;30;Lucky Rose;WD-TF-A-0028;100;;;1,99;USD
Black-0001;Black;Mixed;A thin transparent film of 8-10 microns.;Black;Mixed;30;Lucky Rose;WD-TF-B-0001;200;;;1,99;USD
Black-0002;Black;People;A thin transparent film of 8-10 microns.;Black;People;14;Lucky Rose;WD-TF-B-0002;200;;;1,99;USD
Black-0003;Black;Lace;A thin transparent film of 8-10 microns.;Black;Lace;14;Lucky Rose;WD-TF-B-0003;200;;;1,99;USD
Black-0004;Black;Lace;A thin transparent film of 8-10 microns.;Black;Lace;14;Lucky Rose;WD-TF-B-0004;200;;;1,99;USD
Black-0005;Black;Lace;A thin transparent film of 8-10 microns.;Black;Lace;14;Lucky Rose;WD-TF-B-0005;200;;;1,99;USD
Black-0006;Black;Animals;A thin transparent film of 8-10 microns.;Black;Animals;21;Lucky Rose;WD-TF-B-0006;200;;;1,99;USD
Black-0007;Black;Inscriptions;A thin transparent film of 8-10 microns.;Black;Inscriptions;21;Lucky Rose;WD-TF-B-0007;200;;;1,99;USD
Black-0008;Black;Geometry;A thin transparent film of 8-10 microns.;Black;Geometry;30;Lucky Rose;WD-TF-B-0008;200;;;1,99;USD
Black-0009;Black;Geometry;A thin transparent film of 8-10 microns.;Black;Geometry;30;Lucky Rose;WD-TF-B-0009;200;;;1,99;USD
Black-0010;Black;Geometry;A thin transparent film of 8-10 microns.;Black;Geometry;21;Lucky Rose;WD-TF-B-0010;200;;;1,99;USD
Black-0011;Black;People;A thin transparent film of 8-10 microns.;Black;People;14;Lucky Rose;WD-TF-B-0011;200;;;1,99;USD
Black-0012;Black;Geometry;A thin transparent film of 8-10 microns.;Black;Geometry;14;Lucky Rose;WD-TF-B-0012;200;;;1,99;USD
Black-0013;Black;Floral;A thin transparent film of 8-10 microns.;Black;Floral;30;Lucky Rose;WD-TF-B-0013;200;;;1,99;USD
Black-0014;Black;Seosons;A thin transparent film of 8-10 microns.;Black;Seosons;30;Lucky Rose;WD-TF-B-0014;200;;;1,99;USD
Black-0015;Black;Heroes;A thin transparent film of 8-10 microns.;Black;Heroes;30;Lucky Rose;WD-TF-B-0015;200;;;1,99;USD
Black-0016;Black;Mixed;A thin transparent film of 8-10 microns.;Black;Mixed;30;Lucky Rose;WD-TF-B-0016;200;;;1,99;USD
Black-0017;Black;Geometry;A thin transparent film of 8-10 microns.;Black;Geometry;30;Lucky Rose;WD-TF-B-0017;200;;;1,99;USD
Black-0018;Black;Geometry;A thin transparent film of 8-10 microns.;Black;Geometry;30;Lucky Rose;WD-TF-B-0018;200;;;1,99;USD
Black-0019;Black;Geometry;A thin transparent film of 8-10 microns.;Black;Geometry;30;Lucky Rose;WD-TF-B-0019;200;;;1,99;USD
Black-0020;Black;Floral;A thin transparent film of 8-10 microns.;Black;Floral;14;Lucky Rose;WD-TF-B-0020;200;;;1,99;USD
Black-0021;Black;Pattern;A thin transparent film of 8-10 microns.;Black;Pattern;14;Lucky Rose;WD-TF-B-0021;200;;;1,99;USD
Black-0022;Black;Lace;A thin transparent film of 8-10 microns.;Black;Lace;14;Lucky Rose;WD-TF-B-0022;200;;;1,99;USD
Black-0023;Black;Others;A thin transparent film of 8-10 microns.;Black;Others;21;Lucky Rose;WD-TF-B-0023;200;;;1,99;USD
Black-0024;Black;Geometry;A thin transparent film of 8-10 microns.;Black;Geometry;21;Lucky Rose;WD-TF-B-0024;200;;;1,99;USD
Black-0025;Black;Inscriptions;A thin transparent film of 8-10 microns.;Black;Inscriptions;14;Lucky Rose;WD-TF-B-0025;200;;;1,99;USD
Black-0026;Black;Mixed;A thin transparent film of 8-10 microns.;Black;Mixed;21;Lucky Rose;WD-TF-B-0026;200;;;1,99;USD
Black-0027;Black;Mixed;A thin transparent film of 8-10 microns.;Black;Mixed;30;Lucky Rose;WD-TF-B-0027;200;;;1,99;USD
Black-0028;Black;Others;A thin transparent film of 8-10 microns.;Black;Others;14;Lucky Rose;WD-TF-B-0028;200;;;1,99;USD
Black-0029;Black;Others;A thin transparent film of 8-10 microns.;Black;Others;14;Lucky Rose;WD-TF-B-0029;200;;;1,99;USD
Black-0030;Black;Floral;A thin transparent film of 8-10 microns.;Black;Floral;14;Lucky Rose;WD-TF-B-0030;200;;;1,99;USD
Black-0031;Black;Floral;A thin transparent film of 8-10 microns.;Black;Floral;14;Lucky Rose;WD-TF-B-0031;200;;;1,99;USD
Black-0032;Black;Floral;A thin transparent film of 8-10 microns.;Black;Floral;14;Lucky Rose;WD-TF-B-0032;200;;;1,99;USD
Black-0033;Black;Geometry;A thin transparent film of 8-10 microns.;Black;Geometry;30;Lucky Rose;WD-TF-B-0033;200;;;1,99;USD
Black-0034;Black;Animals;A thin transparent film of 8-10 microns.;Black;Animals;21;Lucky Rose;WD-TF-B-0034;200;;;1,99;USD
Black-0035;Black;Floral;A thin transparent film of 8-10 microns.;Black;Floral;30;Lucky Rose;WD-TF-B-0035;200;;;1,99;USD
Black-0036;Black;Thematic;A thin transparent film of 8-10 microns.;Black;Thematic;30;Lucky Rose;WD-TF-B-0036;200;;;1,99;USD
Black-0037;Black;Mixed;A thin transparent film of 8-10 microns.;Black;Mixed;21;Lucky Rose;WD-TF-B-0037;200;;;1,99;USD
Black-0038;Black;Mixed;A thin transparent film of 8-10 microns.;Black;Mixed;30;Lucky Rose;WD-TF-B-0038;200;;;1,99;USD
Black-0039;Black;Mixed;A thin transparent film of 8-10 microns.;Black;Mixed;21;Lucky Rose;WD-TF-B-0039;200;;;1,99;USD
Black-0040;Black;Floral;A thin transparent film of 8-10 microns.;Black;Floral;30;Lucky Rose;WD-TF-B-0040;200;;;1,99;USD
Black-0041;Black;Mixed;A thin transparent film of 8-10 microns.;Black;Mixed;30;Lucky Rose;WD-TF-B-0041;200;;;1,99;USD
Black-0042;Black;Mixed;A thin transparent film of 8-10 microns.;Black;Mixed;30;Lucky Rose;WD-TF-B-0042;200;;;1,99;USD
Black-0043;Black;Mixed;A thin transparent film of 8-10 microns.;Black;Mixed;21;Lucky Rose;WD-TF-B-0043;200;;;1,99;USD
Black-0044;Black;Mixed;A thin transparent film of 8-10 microns.;Black;Mixed;21;Lucky Rose;WD-TF-B-0044;200;;;1,99;USD
Black-0045;Black;Mixed;A thin transparent film of 8-10 microns.;Black;Mixed;30;Lucky Rose;WD-TF-B-0045;200;;;1,99;USD
Black-0046;Black;Mixed;A thin transparent film of 8-10 microns.;Black;Mixed;21;Lucky Rose;WD-TF-B-0046;200;;;1,99;USD
Black-0047;Black;Abstraction;A thin transparent film of 8-10 microns.;Black;Abstraction;30;Lucky Rose;WD-TF-B-0047;200;;;1,99;USD
Black-0048;Black;Mixed;A thin transparent film of 8-10 microns.;Black;Mixed;30;Lucky Rose;WD-TF-B-0048;200;;;1,99;USD
Black-0049;Black;Flowers;A thin transparent film of 8-10 microns.;Black;Flowers;30;Lucky Rose;WD-TF-B-0049;200;;;1,99;USD
Black-0050;Black;Mixed;A thin transparent film of 8-10 microns.;Black;Mixed;30;Lucky Rose;WD-TF-B-0050;200;;;1,99;USD
Black-0051;Black;Mixed;A thin transparent film of 8-10 microns.;Black;Mixed;30;Lucky Rose;WD-TF-B-0051;200;;;1,99;USD
Black-0052;Black;Mixed;A thin transparent film of 8-10 microns.;Black;Mixed;30;Lucky Rose;WD-TF-B-0052;200;;;1,99;USD
Black-0053;Black;Mixed;A thin transparent film of 8-10 microns.;Black;Mixed;30;Lucky Rose;WD-TF-B-0053;200;;;1,99;USD
Black-0054;Black;Mixed;A thin transparent film of 8-10 microns.;Black;Mixed;30;Lucky Rose;WD-TF-B-0054;200;;;1,99;USD
Black-0055;Black;Mixed;A thin transparent film of 8-10 microns.;Black;Mixed;30;Lucky Rose;WD-TF-B-0055;200;;;1,99;USD
Black-0056;Black;Mixed;A thin transparent film of 8-10 microns.;Black;Mixed;21;Lucky Rose;WD-TF-B-0056;200;;;1,99;USD
Black-0057;Black;Mixed;A thin transparent film of 8-10 microns.;Black;Mixed;30;Lucky Rose;WD-TF-B-0057;200;;;1,99;USD
Black-0058;Black;Seosons;A thin transparent film of 8-10 microns.;Black;Seosons;30;Lucky Rose;WD-TF-B-0058;200;;;1,99;USD
Black-0059;Black;Mixed;A thin transparent film of 8-10 microns.;Black;Mixed;30;Lucky Rose;WD-TF-B-0059;200;;;1,99;USD
Black-0060;Black;Inscriptions;A thin transparent film of 8-10 microns.;Black;Inscriptions;30;Lucky Rose;WD-TF-B-0060;200;;;1,99;USD
Black-0061;Black;Mixed;A thin transparent film of 8-10 microns.;Black;Mixed;21;Lucky Rose;WD-TF-B-0061;200;;;1,99;USD
Black-0062;Black;Seosons;A thin transparent film of 8-10 microns.;Black;Seosons;30;Lucky Rose;WD-TF-B-0062;200;;;1,99;USD
Coloring-0001;Black;Heroes;A thin transparent film of 8-10 microns.;Coloring;Heroes;14;Lucky Rose;WD-TF-C-0001;100;;;1,99;USD
Coloring-0002;Black;Heroes;A thin transparent film of 8-10 microns.;Coloring;Heroes;14;Lucky Rose;WD-TF-C-0002;100;;;1,99;USD
Coloring-0003;Black;Pattern;A thin transparent film of 8-10 microns.;Coloring;Pattern;14;Lucky Rose;WD-TF-C-0003;100;;;1,99;USD
Coloring-0004;Black;Fruits;A thin transparent film of 8-10 microns.;Coloring;Fruits;14;Lucky Rose;WD-TF-C-0004;100;;;1,99;USD
Coloring-0005;Black;Floral;A thin transparent film of 8-10 microns.;Coloring;Floral;14;Lucky Rose;WD-TF-C-0005;100;;;1,99;USD
Coloring-0006;Black;Butterfly;A thin transparent film of 8-10 microns.;Coloring;Butterfly;14;Lucky Rose;WD-TF-C-0006;100;;;1,99;USD
Coloring-0007;Black;Geometry;A thin transparent film of 8-10 microns.;Coloring;Geometry;14;Lucky Rose;WD-TF-C-0007;100;;;1,99;USD
Coloring-0008;Black;Heroes;A thin transparent film of 8-10 microns.;Coloring;Heroes;14;Lucky Rose;WD-TF-C-0008;100;;;1,99;USD
Coloring-0009;Black;Pattern;A thin transparent film of 8-10 microns.;Coloring;Pattern;14;Lucky Rose;WD-TF-C-0009;100;;;1,99;USD
Coloring-0010;Black;Heroes;A thin transparent film of 8-10 microns.;Coloring;Heroes;14;Lucky Rose;WD-TF-C-0010;100;;;1,99;USD
Coloring-0011;Black;Heroes;A thin transparent film of 8-10 microns.;Coloring;Heroes;14;Lucky Rose;WD-TF-C-0011;100;;;1,99;USD
Coloring-0012;Black;Heroes;A thin transparent film of 8-10 microns.;Coloring;Heroes;14;Lucky Rose;WD-TF-C-0012;100;;;1,99;USD
Coloring-0013;Black;Heroes;A thin transparent film of 8-10 microns.;Coloring;Heroes;14;Lucky Rose;WD-TF-C-0013;100;;;1,99;USD
Coloring-0014;Black;Others;A thin transparent film of 8-10 microns.;Coloring;Others;14;Lucky Rose;WD-TF-C-0014;100;;;1,99;USD
Coloring-0015;Black;Others;A thin transparent film of 8-10 microns.;Coloring;Others;14;Lucky Rose;WD-TF-C-0015;100;;;1,99;USD
Coloring-0016;Black;Heroes;A thin transparent film of 8-10 microns.;Coloring;Heroes;14;Lucky Rose;WD-TF-C-0016;100;;;1,99;USD
Coloring-0017;Black;Heroes;A thin transparent film of 8-10 microns.;Coloring;Heroes;14;Lucky Rose;WD-TF-C-0017;100;;;1,99;USD
Coloring-0018;Black;Heroes;A thin transparent film of 8-10 microns.;Coloring;Heroes;14;Lucky Rose;WD-TF-C-0018;100;;;1,99;USD
Coloring-0019;Black;Heroes;A thin transparent film of 8-10 microns.;Coloring;Heroes;14;Lucky Rose;WD-TF-C-0019;100;;;1,99;USD
Coloring-0020;Black;Heroes;A thin transparent film of 8-10 microns.;Coloring;Heroes;14;Lucky Rose;WD-TF-C-0020;100;;;1,99;USD
Coloring-0021;Black;Heroes;A thin transparent film of 8-10 microns.;Coloring;Heroes;14;Lucky Rose;WD-TF-C-0021;100;;;1,99;USD
Coloring-0022;Black;Heroes;A thin transparent film of 8-10 microns.;Coloring;Heroes;14;Lucky Rose;WD-TF-C-0022;100;;;1,99;USD
Coloring-0023;Black;Heroes;A thin transparent film of 8-10 microns.;Coloring;Heroes;14;Lucky Rose;WD-TF-C-0023;100;;;1,99;USD
Coloring-0024;Black;Heroes;A thin transparent film of 8-10 microns.;Coloring;Heroes;14;Lucky Rose;WD-TF-C-0024;100;;;1,99;USD
Coloring-0025;Black;Heroes;A thin transparent film of 8-10 microns.;Coloring;Heroes;14;Lucky Rose;WD-TF-C-0025;100;;;1,99;USD
Deep Design-1;White;Mixed;White film of 50 microns.;Deep Design;Mixed;50;Lucky Rose;NSN-DD-00001;100;;;1,99;USD
Deep Design-2;White;Mixed;White film of 50 microns.;Deep Design;Mixed;50;Lucky Rose;NSN-DD-00002;100;;;1,99;USD
Deep Design-3;White;Mixed;White film of 50 microns.;Deep Design;Mixed;50;Lucky Rose;NSN-DD-00003;100;;;1,99;USD
Deep Design-4;White;Mixed;White film of 50 microns.;Deep Design;Mixed;50;Lucky Rose;NSN-DD-00004;100;;;1,99;USD
Deep Design-5;White;Mixed;White film of 50 microns.;Deep Design;Mixed;50;Lucky Rose;NSN-DD-00005;100;;;1,99;USD
F-0001;Colorful;Chabby Chic;A thin transparent film of 8-10 microns.;F;Chabby Chic;14;Lucky Rose;WD-TF-F-0001;100;;;1,99;USD
F-0002;Colorful;Chabby Chic;A thin transparent film of 8-10 microns.;F;Chabby Chic;14;Lucky Rose;WD-TF-F-0002;100;;;1,99;USD
F-0003;Colorful;Chabby Chic;A thin transparent film of 8-10 microns.;F;Chabby Chic;14;Lucky Rose;WD-TF-F-0003;100;;;1,99;USD
F-0004;Colorful;Flowers;A thin transparent film of 8-10 microns.;F;Flowers;14;Lucky Rose;WD-TF-F-0004;100;;;1,99;USD
F-0005;Colorful;Flowers;A thin transparent film of 8-10 microns.;F;Flowers;14;Lucky Rose;WD-TF-F-0005;100;;;1,99;USD
F-0006;Colorful;Thematic;A thin transparent film of 8-10 microns.;F;Thematic;14;Lucky Rose;WD-TF-F-0006;100;;;1,99;USD
F-0007;Colorful;Thematic;A thin transparent film of 8-10 microns.;F;Thematic;14;Lucky Rose;WD-TF-F-0007;100;;;1,99;USD
F-0008;Colorful;Thematic;A thin transparent film of 8-10 microns.;F;Thematic;14;Lucky Rose;WD-TF-F-0008;100;;;1,99;USD
F-0009;Colorful;Thematic;A thin transparent film of 8-10 microns.;F;Thematic;14;Lucky Rose;WD-TF-F-0009;100;;;1,99;USD
F-0010;Colorful;Lace;A thin transparent film of 8-10 microns.;F;Lace;14;Lucky Rose;WD-TF-F-0010;100;;;1,99;USD
F-0011;Colorful;Thematic;A thin transparent film of 8-10 microns.;F;Thematic;14;Lucky Rose;WD-TF-F-0011;100;;;1,99;USD
F-0012;Colorful;Inscriptions;A thin transparent film of 8-10 microns.;F;Inscriptions;14;Lucky Rose;WD-TF-F-0012;100;;;1,99;USD
F-0013;Colorful;Flowers;A thin transparent film of 8-10 microns.;F;Flowers;14;Lucky Rose;WD-TF-F-0013;100;;;1,99;USD
F-0014;Colorful;Flowers;A thin transparent film of 8-10 microns.;F;Flowers;14;Lucky Rose;WD-TF-F-0014;100;;;1,99;USD
F-0015;Colorful;Flowers;A thin transparent film of 8-10 microns.;F;Flowers;14;Lucky Rose;WD-TF-F-0015;100;;;1,99;USD
F-0016;Colorful;Pattern;A thin transparent film of 8-10 microns.;F;Pattern;14;Lucky Rose;WD-TF-F-0016;100;;;1,99;USD
F-0017;Colorful;Thematic;A thin transparent film of 8-10 microns.;F;Thematic;14;Lucky Rose;WD-TF-F-0017;100;;;1,99;USD
F-0018;Colorful;Flowers;A thin transparent film of 8-10 microns.;F;Flowers;14;Lucky Rose;WD-TF-F-0018;100;;;1,99;USD
F-0019;Colorful;Pattern;A thin transparent film of 8-10 microns.;F;Pattern;14;Lucky Rose;WD-TF-F-0019;100;;;1,99;USD
F-0020;Colorful;Pattern;A thin transparent film of 8-10 microns.;F;Pattern;14;Lucky Rose;WD-TF-F-0020;100;;;1,99;USD
F-0021;Colorful;Pattern;A thin transparent film of 8-10 microns.;F;Pattern;14;Lucky Rose;WD-TF-F-0021;100;;;1,99;USD
F-0022;Colorful;Pattern;A thin transparent film of 8-10 microns.;F;Pattern;14;Lucky Rose;WD-TF-F-0022;100;;;1,99;USD
F-0023;Colorful;People;A thin transparent film of 8-10 microns.;F;People;14;Lucky Rose;WD-TF-F-0023;100;;;1,99;USD
F-0024;Colorful;Mixed;A thin transparent film of 8-10 microns.;F;Mixed;21;Lucky Rose;WD-TF-F-0024;100;;;1,99;USD
F-0025;Colorful;Fruits;A thin transparent film of 8-10 microns.;F;Fruits;14;Lucky Rose;WD-TF-F-0025;100;;;1,99;USD
F-0026;Colorful;Flowers;A thin transparent film of 8-10 microns.;F;Flowers;14;Lucky Rose;WD-TF-F-0026;100;;;1,99;USD
F-0027;Colorful;Butterfly;A thin transparent film of 8-10 microns.;F;Butterfly;14;Lucky Rose;WD-TF-F-0027;100;;;1,99;USD
F-0028;Colorful;Animals;A thin transparent film of 8-10 microns.;F;Animals;14;Lucky Rose;WD-TF-F-0028;100;;;1,99;USD
F-0029;Colorful;Pattern;A thin transparent film of 8-10 microns.;F;Pattern;14;Lucky Rose;WD-TF-F-0029;100;;;1,99;USD
F-0030;Colorful;Flowers;A thin transparent film of 8-10 microns.;F;Flowers;14;Lucky Rose;WD-TF-F-0030;100;;;1,99;USD
F-0031;Colorful;Mixed;A thin transparent film of 8-10 microns.;F;Mixed;14;Lucky Rose;WD-TF-F-0031;100;;;1,99;USD
F-0032;Colorful;Lace;A thin transparent film of 8-10 microns.;F;Lace;14;Lucky Rose;WD-TF-F-0032;100;;;1,99;USD
F-0033;Colorful;Others;A thin transparent film of 8-10 microns.;F;Others;21;Lucky Rose;WD-TF-F-0033;100;;;1,99;USD
F-0034;Colorful;Others;A thin transparent film of 8-10 microns.;F;Others;14;Lucky Rose;WD-TF-F-0034;100;;;1,99;USD
F-0035;Colorful;Others;A thin transparent film of 8-10 microns.;F;Others;14;Lucky Rose;WD-TF-F-0035;100;;;1,99;USD
F-0036;Colorful;Animals;A thin transparent film of 8-10 microns.;F;Animals;21;Lucky Rose;WD-TF-F-0036;100;;;1,99;USD
F-0037;Colorful;Flowers;A thin transparent film of 8-10 microns.;F;Flowers;21;Lucky Rose;WD-TF-F-0037;100;;;1,99;USD
F-0038;Colorful;Abstraction;A thin transparent film of 8-10 microns.;F;Abstraction;14;Lucky Rose;WD-TF-F-0038;100;;;1,99;USD
F-0039;Colorful;Flowers;A thin transparent film of 8-10 microns.;F;Flowers;14;Lucky Rose;WD-TF-F-0039;100;;;1,99;USD
F-0040;Colorful;Pattern;A thin transparent film of 8-10 microns.;F;Pattern;14;Lucky Rose;WD-TF-F-0040;100;;;1,99;USD
F-0041;Colorful;Others;A thin transparent film of 8-10 microns.;F;Others;14;Lucky Rose;WD-TF-F-0041;100;;;1,99;USD
F-0042;Colorful;Abstraction;A thin transparent film of 8-10 microns.;F;Abstraction;14;Lucky Rose;WD-TF-F-0042;100;;;1,99;USD
F-0043;Colorful;Mixed;A thin transparent film of 8-10 microns.;F;Mixed;14;Lucky Rose;WD-TF-F-0043;100;;;1,99;USD
F-0044;Colorful;Pattern;A thin transparent film of 8-10 microns.;F;Pattern;14;Lucky Rose;WD-TF-F-0044;100;;;1,99;USD
F-0045;Colorful;Flowers;A thin transparent film of 8-10 microns.;F;Flowers;14;Lucky Rose;WD-TF-F-0045;100;;;1,99;USD
F-0046;Colorful;Flowers;A thin transparent film of 8-10 microns.;F;Flowers;14;Lucky Rose;WD-TF-F-0046;100;;;1,99;USD
F-0047;Colorful;Animals;A thin transparent film of 8-10 microns.;F;Animals;14;Lucky Rose;WD-TF-F-0047;100;;;1,99;USD
F-0048;Colorful;Flowers;A thin transparent film of 8-10 microns.;F;Flowers;14;Lucky Rose;WD-TF-F-0048;100;;;1,99;USD
F-0049;Colorful;Flowers;A thin transparent film of 8-10 microns.;F;Flowers;14;Lucky Rose;WD-TF-F-0049;100;;;1,99;USD
F-0050;Colorful;Flowers;A thin transparent film of 8-10 microns.;F;Flowers;14;Lucky Rose;WD-TF-F-0050;100;;;1,99;USD
F-0051;Colorful;Pattern;A thin transparent film of 8-10 microns.;F;Pattern;14;Lucky Rose;WD-TF-F-0051;100;;;1,99;USD
F-0052;Colorful;Chabby Chic;A thin transparent film of 8-10 microns.;F;Chabby Chic;14;Lucky Rose;WD-TF-F-0052;100;;;1,99;USD
F-0053;Colorful;Mixed;A thin transparent film of 8-10 microns.;F;Mixed;21;Lucky Rose;WD-TF-F-0053;100;;;1,99;USD
F-0054;Colorful;Animals;A thin transparent film of 8-10 microns.;F;Animals;14;Lucky Rose;WD-TF-F-0054;100;;;1,99;USD
F-0055;Colorful;Chabby Chic;A thin transparent film of 8-10 microns.;F;Chabby Chic;14;Lucky Rose;WD-TF-F-0055;100;;;1,99;USD
F-0056;Colorful;Animals;A thin transparent film of 8-10 microns.;F;Animals;21;Lucky Rose;WD-TF-F-0056;100;;;1,99;USD
F-0057;Colorful;Flowers;A thin transparent film of 8-10 microns.;F;Flowers;14;Lucky Rose;WD-TF-F-0057;100;;;1,99;USD
F-0058;Colorful;Heroes;A thin transparent film of 8-10 microns.;F;Heroes;14;Lucky Rose;WD-TF-F-0058;100;;;1,99;USD
F-0059;Colorful;Flowers;A thin transparent film of 8-10 microns.;F;Flowers;14;Lucky Rose;WD-TF-F-0059;100;;;1,99;USD
F-0060;Colorful;Others;A thin transparent film of 8-10 microns.;F;Others;14;Lucky Rose;WD-TF-F-0060;100;;;1,99;USD
F-0061;Colorful;Pattern;A thin transparent film of 8-10 microns.;F;Pattern;14;Lucky Rose;WD-TF-F-0061;100;;;1,99;USD
F-0062;Colorful;Pattern;A thin transparent film of 8-10 microns.;F;Pattern;14;Lucky Rose;WD-TF-F-0062;100;;;1,99;USD
F-0063;Colorful;Pattern;A thin transparent film of 8-10 microns.;F;Pattern;14;Lucky Rose;WD-TF-F-0063;100;;;1,99;USD
F-0064;Colorful;Mixed;A thin transparent film of 8-10 microns.;F;Mixed;14;Lucky Rose;WD-TF-F-0064;100;;;1,99;USD
F-0065;Colorful;Others;A thin transparent film of 8-10 microns.;F;Others;14;Lucky Rose;WD-TF-F-0065;100;;;1,99;USD
F-0066;Colorful;Others;A thin transparent film of 8-10 microns.;F;Others;14;Lucky Rose;WD-TF-F-0066;100;;;1,99;USD
F-0067;Colorful;Abstraction;A thin transparent film of 8-10 microns.;F;Abstraction;14;Lucky Rose;WD-TF-F-0067;100;;;1,99;USD
F-0068;Colorful;Mixed;A thin transparent film of 8-10 microns.;F;Mixed;14;Lucky Rose;WD-TF-F-0068;100;;;1,99;USD
F-0069;Colorful;Lace;A thin transparent film of 8-10 microns.;F;Lace;14;Lucky Rose;WD-TF-F-0069;100;;;1,99;USD
F-0070;Colorful;Flowers;A thin transparent film of 8-10 microns.;F;Flowers;14;Lucky Rose;WD-TF-F-0070;100;;;1,99;USD
F-0071;Colorful;People;A thin transparent film of 8-10 microns.;F;People;14;Lucky Rose;WD-TF-F-0071;100;;;1,99;USD
F-0072;Colorful;Flowers;A thin transparent film of 8-10 microns.;F;Flowers;14;Lucky Rose;WD-TF-F-0072;100;;;1,99;USD
F-0073;Colorful;Mixed;A thin transparent film of 8-10 microns.;F;Mixed;21;Lucky Rose;WD-TF-F-0073;100;;;1,99;USD
F-0074;Colorful;Heroes;A thin transparent film of 8-10 microns.;F;Heroes;21;Lucky Rose;WD-TF-F-0074;100;;;1,99;USD
F-0075;Colorful;Animals;A thin transparent film of 8-10 microns.;F;Animals;30;Lucky Rose;WD-TF-F-0075;100;;;1,99;USD
F-0076;Colorful;Animals;A thin transparent film of 8-10 microns.;F;Animals;30;Lucky Rose;WD-TF-F-0076;100;;;1,99;USD
F-0077;Colorful;Mixed;A thin transparent film of 8-10 microns.;F;Mixed;21;Lucky Rose;WD-TF-F-0077;100;;;1,99;USD
F-0078;Colorful;Animals;A thin transparent film of 8-10 microns.;F;Animals;21;Lucky Rose;WD-TF-F-0078;100;;;1,99;USD
F-0079;Colorful;Animals;A thin transparent film of 8-10 microns.;F;Animals;21;Lucky Rose;WD-TF-F-0079;100;;;1,99;USD
F-0080;Colorful;Animals;A thin transparent film of 8-10 microns.;F;Animals;21;Lucky Rose;WD-TF-F-0080;100;;;1,99;USD
F-0081;Colorful;Mixed;A thin transparent film of 8-10 microns.;F;Mixed;30;Lucky Rose;WD-TF-F-0081;100;;;1,99;USD
F-0082;Colorful;Animals;A thin transparent film of 8-10 microns.;F;Animals;21;Lucky Rose;WD-TF-F-0082;100;;;1,99;USD
F-0083;Colorful;Mixed;A thin transparent film of 8-10 microns.;F;Mixed;21;Lucky Rose;WD-TF-F-0083;100;;;1,99;USD
F-0084;Colorful;Mixed;A thin transparent film of 8-10 microns.;F;Mixed;30;Lucky Rose;WD-TF-F-0084;100;;;1,99;USD
F-0085;Colorful;Mixed;A thin transparent film of 8-10 microns.;F;Mixed;21;Lucky Rose;WD-TF-F-0085;100;;;1,99;USD
F-0086;Colorful;Butterfly;A thin transparent film of 8-10 microns.;F;Butterfly;14;Lucky Rose;WD-TF-F-0086;100;;;1,99;USD
F-0087;Colorful;Flowers;A thin transparent film of 8-10 microns.;F;Flowers;14;Lucky Rose;WD-TF-F-0087;100;;;1,99;USD
F-0088;Colorful;Flowers;A thin transparent film of 8-10 microns.;F;Flowers;14;Lucky Rose;WD-TF-F-0088;100;;;1,99;USD
F-0089;Colorful;Flowers;A thin transparent film of 8-10 microns.;F;Flowers;14;Lucky Rose;WD-TF-F-0089;100;;;1,99;USD
F-0090;Colorful;Flowers;A thin transparent film of 8-10 microns.;F;Flowers;14;Lucky Rose;WD-TF-F-0090;100;;;1,99;USD
F-0091;Colorful;Flowers;A thin transparent film of 8-10 microns.;F;Flowers;14;Lucky Rose;WD-TF-F-0091;100;;;1,99;USD
F-0092;Colorful;People;A thin transparent film of 8-10 microns.;F;People;14;Lucky Rose;WD-TF-F-0092;100;;;1,99;USD
F-0093;Colorful;Flowers;A thin transparent film of 8-10 microns.;F;Flowers;14;Lucky Rose;WD-TF-F-0093;100;;;1,99;USD
F-0094;Colorful;Mixed;A thin transparent film of 8-10 microns.;F;Mixed;14;Lucky Rose;WD-TF-F-0094;100;;;1,99;USD
F-0095;Colorful;Flowers;A thin transparent film of 8-10 microns.;F;Flowers;14;Lucky Rose;WD-TF-F-0095;100;;;1,99;USD
F-0096;Colorful;Pattern;A thin transparent film of 8-10 microns.;F;Pattern;14;Lucky Rose;WD-TF-F-0096;100;;;1,99;USD
F-0097;Colorful;Others;A thin transparent film of 8-10 microns.;F;Others;14;Lucky Rose;WD-TF-F-0097;100;;;1,99;USD
F-0098;Colorful;Flowers;A thin transparent film of 8-10 microns.;F;Flowers;14;Lucky Rose;WD-TF-F-0098;100;;;1,99;USD
F-0099;Colorful;Flowers;A thin transparent film of 8-10 microns.;F;Flowers;14;Lucky Rose;WD-TF-F-0099;100;;;1,99;USD
F-0100;Colorful;Flowers;A thin transparent film of 8-10 microns.;F;Flowers;14;Lucky Rose;WD-TF-F-0100;100;;;1,99;USD
F-0101;Colorful;Seosons;A thin transparent film of 8-10 microns.;F;Seosons;14;Lucky Rose;WD-TF-F-0101;100;;;1,99;USD
F-0102;Colorful;Seosons;A thin transparent film of 8-10 microns.;F;Seosons;14;Lucky Rose;WD-TF-F-0102;100;;;1,99;USD
F-0103;Colorful;Seosons;A thin transparent film of 8-10 microns.;F;Seosons;14;Lucky Rose;WD-TF-F-0103;100;;;1,99;USD
F-0104;Colorful;Seosons;A thin transparent film of 8-10 microns.;F;Seosons;14;Lucky Rose;WD-TF-F-0104;100;;;1,99;USD
F-0105;Colorful;Others;A thin transparent film of 8-10 microns.;F;Others;14;Lucky Rose;WD-TF-F-0105;100;;;1,99;USD
F-0106;Colorful;Flowers;A thin transparent film of 8-10 microns.;F;Flowers;14;Lucky Rose;WD-TF-F-0106;100;;;1,99;USD
F-0107;Colorful;Flowers;A thin transparent film of 8-10 microns.;F;Flowers;14;Lucky Rose;WD-TF-F-0107;100;;;1,99;USD
F-0108;Colorful;Pattern;A thin transparent film of 8-10 microns.;F;Pattern;14;Lucky Rose;WD-TF-F-0108;100;;;1,99;USD
F-0109;Colorful;Animals;A thin transparent film of 8-10 microns.;F;Animals;14;Lucky Rose;WD-TF-F-0109;100;;;1,99;USD
F-0110;Colorful;Flowers;A thin transparent film of 8-10 microns.;F;Flowers;14;Lucky Rose;WD-TF-F-0110;100;;;1,99;USD
F-0111;Colorful;Mixed;A thin transparent film of 8-10 microns.;F;Mixed;14;Lucky Rose;WD-TF-F-0111;100;;;1,99;USD
F-0112;Colorful;Mixed;A thin transparent film of 8-10 microns.;F;Mixed;14;Lucky Rose;WD-TF-F-0112;100;;;1,99;USD
F-0113;Colorful;Seosons;A thin transparent film of 8-10 microns.;F;Seosons;14;Lucky Rose;WD-TF-F-0113;100;;;1,99;USD
F-0114;Colorful;Seosons;A thin transparent film of 8-10 microns.;F;Seosons;14;Lucky Rose;WD-TF-F-0114;100;;;1,99;USD
F-0115;Colorful;Mixed;A thin transparent film of 8-10 microns.;F;Mixed;14;Lucky Rose;WD-TF-F-0115;100;;;1,99;USD
F-0116;Colorful;Mixed;A thin transparent film of 8-10 microns.;F;Mixed;14;Lucky Rose;WD-TF-F-0116;100;;;1,99;USD
F-0117;Colorful;Geometry;A thin transparent film of 8-10 microns.;F;Geometry;30;Lucky Rose;WD-TF-F-0117;100;;;1,99;USD
F-0118;Colorful;Animals;A thin transparent film of 8-10 microns.;F;Animals;21;Lucky Rose;WD-TF-F-0118;100;;;1,99;USD
F-0119;Colorful;Animals;A thin transparent film of 8-10 microns.;F;Animals;30;Lucky Rose;WD-TF-F-0119;100;;;1,99;USD
F-0120;Colorful;Flowers;A thin transparent film of 8-10 microns.;F;Flowers;14;Lucky Rose;WD-TF-F-0120;100;;;1,99;USD
F-0121;Colorful;Flowers;A thin transparent film of 8-10 microns.;F;Flowers;14;Lucky Rose;WD-TF-F-0121;100;;;1,99;USD
F-0122;Colorful;Thematic;A thin transparent film of 8-10 microns.;F;Thematic;14;Lucky Rose;WD-TF-F-0122;100;;;1,99;USD
F-0123;Colorful;Flowers;A thin transparent film of 8-10 microns.;F;Flowers;14;Lucky Rose;WD-TF-F-0123;100;;;1,99;USD
F-0124;Colorful;Butterfly;A thin transparent film of 8-10 microns.;F;Butterfly;14;Lucky Rose;WD-TF-F-0124;100;;;1,99;USD
F-0125;Colorful;Mixed;A thin transparent film of 8-10 microns.;F;Mixed;14;Lucky Rose;WD-TF-F-0125;100;;;1,99;USD
F-0126;Colorful;Flowers;A thin transparent film of 8-10 microns.;F;Flowers;14;Lucky Rose;WD-TF-F-0126;100;;;1,99;USD
F-0127;Colorful;Animals;A thin transparent film of 8-10 microns.;F;Animals;21;Lucky Rose;WD-TF-F-0127;100;;;1,99;USD
F-0128;Colorful;Flowers;A thin transparent film of 8-10 microns.;F;Flowers;14;Lucky Rose;WD-TF-F-0128;100;;;1,99;USD
F-0129;Colorful;Flowers;A thin transparent film of 8-10 microns.;F;Flowers;14;Lucky Rose;WD-TF-F-0129;100;;;1,99;USD
F-0130;Colorful;Flowers;A thin transparent film of 8-10 microns.;F;Flowers;14;Lucky Rose;WD-TF-F-0130;100;;;1,99;USD
F-0131;Colorful;Others;A thin transparent film of 8-10 microns.;F;Others;14;Lucky Rose;WD-TF-F-0131;100;;;1,99;USD
F-0132;Colorful;Others;A thin transparent film of 8-10 microns.;F;Others;14;Lucky Rose;WD-TF-F-0132;100;;;1,99;USD
F-0133;Colorful;Inscriptions;A thin transparent film of 8-10 microns.;F;Inscriptions;21;Lucky Rose;WD-TF-F-0133;100;;;1,99;USD
F-0134;Colorful;Geometry;A thin transparent film of 8-10 microns.;F;Geometry;30;Lucky Rose;WD-TF-F-0134;100;;;1,99;USD
F-0135;Colorful;Mixed;A thin transparent film of 8-10 microns.;F;Mixed;21;Lucky Rose;WD-TF-F-0135;100;;;1,99;USD
F-0136;Colorful;Animals;A thin transparent film of 8-10 microns.;F;Animals;21;Lucky Rose;WD-TF-F-0136;100;;;1,99;USD
F-0137;Colorful;Fruits;A thin transparent film of 8-10 microns.;F;Fruits;14;Lucky Rose;WD-TF-F-0137;100;;;1,99;USD
F-0138;Colorful;Fruits;A thin transparent film of 8-10 microns.;F;Fruits;30;Lucky Rose;WD-TF-F-0138;100;;;1,99;USD
F-0139;Colorful;Flowers;A thin transparent film of 8-10 microns.;F;Flowers;14;Lucky Rose;WD-TF-F-0139;100;;;1,99;USD
F-0140;Colorful;Flowers;A thin transparent film of 8-10 microns.;F;Flowers;14;Lucky Rose;WD-TF-F-0140;100;;;1,99;USD
F-0141;Colorful;Animals;A thin transparent film of 8-10 microns.;F;Animals;21;Lucky Rose;WD-TF-F-0141;100;;;1,99;USD
F-0142;Colorful;Mixed;A thin transparent film of 8-10 microns.;F;Mixed;21;Lucky Rose;WD-TF-F-0142;100;;;1,99;USD
F-0143;Colorful;Mixed;A thin transparent film of 8-10 microns.;F;Mixed;21;Lucky Rose;WD-TF-F-0143;100;;;1,99;USD
F-0144;Colorful;Mixed;A thin transparent film of 8-10 microns.;F;Mixed;21;Lucky Rose;WD-TF-F-0144;100;;;1,99;USD
F-0145;Colorful;Animals;A thin transparent film of 8-10 microns.;F;Animals;21;Lucky Rose;WD-TF-F-0145;100;;;1,99;USD
F-0146;Colorful;Others;A thin transparent film of 8-10 microns.;F;Others;30;Lucky Rose;WD-TF-F-0146;100;;;1,99;USD
F-0147;Colorful;Mixed;A thin transparent film of 8-10 microns.;F;Mixed;21;Lucky Rose;WD-TF-F-0147;100;;;1,99;USD
F-0148;Colorful;Flowers;A thin transparent film of 8-10 microns.;F;Flowers;30;Lucky Rose;WD-TF-F-0148;100;;;1,99;USD
F-0149;Colorful;Flowers;A thin transparent film of 8-10 microns.;F;Flowers;14;Lucky Rose;WD-TF-F-0149;100;;;1,99;USD
F-0150;;Flowers;A thin transparent film of 8-10 microns.;F;Flowers;14;Lucky Rose;WD-TF-F-0150;100;;;1,99;USD
F-0151;Colorful;Animals;A thin transparent film of 8-10 microns.;F;Animals;21;Lucky Rose;WD-TF-F-0151;100;;;1,99;USD
F-0152;;Mixed;A thin transparent film of 8-10 microns.;F;Mixed;30;Lucky Rose;WD-TF-F-0152;100;;;1,99;USD
F-0153;Colorful;Flowers;A thin transparent film of 8-10 microns.;F;Flowers;30;Lucky Rose;WD-TF-F-0153;100;;;1,99;USD
F-0154;Colorful;Heroes;A thin transparent film of 8-10 microns.;F;Heroes;21;Lucky Rose;WD-TF-F-0154;100;;;1,99;USD
F-0155;Colorful;Mixed;A thin transparent film of 8-10 microns.;F;Mixed;30;Lucky Rose;WD-TF-F-0155;100;;;1,99;USD
F-0156;Colorful;Mixed;A thin transparent film of 8-10 microns.;F;Mixed;21;Lucky Rose;WD-TF-F-0156;100;;;1,99;USD
F-0157;Colorful;Seosons;A thin transparent film of 8-10 microns.;F;Seosons;14;Lucky Rose;WD-TF-F-0157;100;;;1,99;USD
F-0158;Colorful;Seosons;A thin transparent film of 8-10 microns.;F;Seosons;14;Lucky Rose;WD-TF-F-0158;100;;;1,99;USD
F-0159;Colorful;People;A thin transparent film of 8-10 microns.;F;People;14;Lucky Rose;WD-TF-F-0159;100;;;1,99;USD
F-0160;Colorful;Seosons;A thin transparent film of 8-10 microns.;F;Seosons;14;Lucky Rose;WD-TF-F-0160;100;;;1,99;USD
F-0161;Colorful;Flowers;A thin transparent film of 8-10 microns.;F;Flowers;14;Lucky Rose;WD-TF-F-0161;100;;;1,99;USD
F-0162;Colorful;Others;A thin transparent film of 8-10 microns.;F;Others;14;Lucky Rose;WD-TF-F-0162;100;;;1,99;USD
F-0163;Colorful;Inscriptions;A thin transparent film of 8-10 microns.;F;Inscriptions;14;Lucky Rose;WD-TF-F-0163;100;;;1,99;USD
F-0164;Colorful;Mixed;A thin transparent film of 8-10 microns.;F;Mixed;30;Lucky Rose;WD-TF-F-0164;100;;;1,99;USD
F-0165;Colorful;Mixed;A thin transparent film of 8-10 microns.;F;Mixed;14;Lucky Rose;WD-TF-F-0165;100;;;1,99;USD
F-0166;Colorful;Mixed;A thin transparent film of 8-10 microns.;F;Mixed;30;Lucky Rose;WD-TF-F-0166;100;;;1,99;USD
F-0167;Colorful;Flowers;A thin transparent film of 8-10 microns.;F;Flowers;14;Lucky Rose;WD-TF-F-0167;100;;;1,99;USD
F-0168;Colorful;Flowers;A thin transparent film of 8-10 microns.;F;Flowers;14;Lucky Rose;WD-TF-F-0168;100;;;1,99;USD
F-0169;Colorful;Flowers;A thin transparent film of 8-10 microns.;F;Flowers;14;Lucky Rose;WD-TF-F-0169;100;;;1,99;USD
F-0170;Colorful;Animals;A thin transparent film of 8-10 microns.;F;Animals;14;Lucky Rose;WD-TF-F-0170;100;;;1,99;USD
F-0171;Colorful;Geometry;A thin transparent film of 8-10 microns.;F;Geometry;14;Lucky Rose;WD-TF-F-0171;100;;;1,99;USD
F-0172;Colorful;Mixed;A thin transparent film of 8-10 microns.;F;Mixed;14;Lucky Rose;WD-TF-F-0172;100;;;1,99;USD
F-0173;Colorful;People;A thin transparent film of 8-10 microns.;F;People;14;Lucky Rose;WD-TF-F-0173;100;;;1,99;USD
F-0174;Colorful;Geometry;A thin transparent film of 8-10 microns.;F;Geometry;30;Lucky Rose;WD-TF-F-0174;100;;;1,99;USD
F-0175;Colorful;Flowers;A thin transparent film of 8-10 microns.;F;Flowers;14;Lucky Rose;WD-TF-F-0175;100;;;1,99;USD
F-0176;Colorful;Flowers;A thin transparent film of 8-10 microns.;F;Flowers;14;Lucky Rose;WD-TF-F-0176;100;;;1,99;USD
F-0177;Colorful;Others;A thin transparent film of 8-10 microns.;F;Others;14;Lucky Rose;WD-TF-F-0177;100;;;1,99;USD
F-0178;Colorful;Animals;A thin transparent film of 8-10 microns.;F;Animals;14;Lucky Rose;WD-TF-F-0178;100;;;1,99;USD
F-0179;Colorful;Animals;A thin transparent film of 8-10 microns.;F;Animals;14;Lucky Rose;WD-TF-F-0179;100;;;1,99;USD
F-0180;Colorful;Geometry;A thin transparent film of 8-10 microns.;F;Geometry;21;Lucky Rose;WD-TF-F-0180;100;;;1,99;USD
F-0181;Colorful;Mixed;A thin transparent film of 8-10 microns.;F;Mixed;30;Lucky Rose;WD-TF-F-0181;100;;;1,99;USD
F-0182;Colorful;Flowers;A thin transparent film of 8-10 microns.;F;Flowers;30;Lucky Rose;WD-TF-F-0182;100;;;1,99;USD
F-0183;Colorful;Heroes;A thin transparent film of 8-10 microns.;F;Heroes;30;Lucky Rose;WD-TF-F-0183;100;;;1,99;USD
F-0184;Colorful;Flowers;A thin transparent film of 8-10 microns.;F;Flowers;14;Lucky Rose;WD-TF-F-0184;100;;;1,99;USD
F-0185;Colorful;Flowers;A thin transparent film of 8-10 microns.;F;Flowers;14;Lucky Rose;WD-TF-F-0185;100;;;1,99;USD
F-0186;Colorful;Flowers;A thin transparent film of 8-10 microns.;F;Flowers;14;Lucky Rose;WD-TF-F-0186;100;;;1,99;USD
F-0187;Colorful;Mixed;A thin transparent film of 8-10 microns.;F;Mixed;14;Lucky Rose;WD-TF-F-0187;100;;;1,99;USD
F-0188;Colorful;Flowers;A thin transparent film of 8-10 microns.;F;Flowers;21;Lucky Rose;WD-TF-F-0188;100;;;1,99;USD
F-0189;Colorful;Mixed;A thin transparent film of 8-10 microns.;F;Mixed;14;Lucky Rose;WD-TF-F-0189;100;;;1,99;USD
F-0190;Colorful;Mixed;A thin transparent film of 8-10 microns.;F;Mixed;30;Lucky Rose;WD-TF-F-0190;100;;;1,99;USD
F-0191;Colorful;Pattern;A thin transparent film of 8-10 microns.;F;Pattern;14;Lucky Rose;WD-TF-F-0191;100;;;1,99;USD
F-0192;Colorful;Others;A thin transparent film of 8-10 microns.;F;Others;30;Lucky Rose;WD-TF-F-0192;100;;;1,99;USD
F-0193;Colorful;Others;A thin transparent film of 8-10 microns.;F;Others;30;Lucky Rose;WD-TF-F-0193;100;;;1,99;USD
F-0194;Colorful;Others;A thin transparent film of 8-10 microns.;F;Others;30;Lucky Rose;WD-TF-F-0194;100;;;1,99;USD
F-0195;Colorful;Flowers;A thin transparent film of 8-10 microns.;F;Flowers;30;Lucky Rose;WD-TF-F-0195;100;;;1,99;USD
F-0196;Colorful;Mixed;A thin transparent film of 8-10 microns.;F;Mixed;30;Lucky Rose;WD-TF-F-0196;100;;;1,99;USD
F-0197;Colorful;Mixed;A thin transparent film of 8-10 microns.;F;Mixed;30;Lucky Rose;WD-TF-F-0197;100;;;1,99;USD
F-0198;Colorful;Mixed;A thin transparent film of 8-10 microns.;F;Mixed;30;Lucky Rose;WD-TF-F-0198;100;;;1,99;USD
F-0199;Colorful;Abstraction;A thin transparent film of 8-10 microns.;F;Abstraction;30;Lucky Rose;WD-TF-F-0199;100;;;1,99;USD
Metallized sticker Gold 1;Colorful;Mixed;The mirror metallic film of 23 microns.;Metallized Stickers;Mixed;50;Lucky Rose;NS-MG-00001;100;;;1,99;USD
Metallized sticker Gold 2;Gold;Mixed;The mirror metallic film of 23 microns.;Metallized Stickers;Mixed;50;Lucky Rose;NS-MG-00002;100;;;1,99;USD
Metallized sticker Gold 3;Gold;Mixed;The mirror metallic film of 23 microns.;Metallized Stickers;Mixed;50;Lucky Rose;NS-MG-00003;100;;;1,99;USD
Metallized sticker Gold 4;Gold;Mixed;The mirror metallic film of 23 microns.;Metallized Stickers;Mixed;50;Lucky Rose;NS-MG-00004;100;;;1,99;USD
Metallized sticker Silver 1;Silver;Mixed;The mirror metallic film of 23 microns.;Metallized Stickers;Mixed;50;Lucky Rose;NS-MS-00001;100;;;1,99;USD
Metallized sticker Silver 2;Silver;Mixed;The mirror metallic film of 23 microns.;Metallized Stickers;Mixed;50;Lucky Rose;NS-MS-00002;100;;;1,99;USD
Metallized sticker Silver 3;Silver;Mixed;The mirror metallic film of 23 microns.;Metallized Stickers;Mixed;50;Lucky Rose;NS-MS-00003;100;;;1,99;USD
Minic-0001;Colorful;Lace;A thin transparent film of 8-10 microns.;Minic;Lace;8;Lucky Rose;WD-TF-M-0001;50;;;0,99;USD
Minic-0002;Colorful;Butterfly;A thin transparent film of 8-10 microns.;Minic;Butterfly;8;Lucky Rose;WD-TF-M-0002;50;;;0,99;USD
Minic-0003;Colorful;Pattern;A thin transparent film of 8-10 microns.;Minic;Pattern;8;Lucky Rose;WD-TF-M-0003;50;;;0,99;USD
Minic-0004;Colorful;Fruits;A thin transparent film of 8-10 microns.;Minic;Fruits;8;Lucky Rose;WD-TF-M-0004;50;;;0,99;USD
Minic-0005;Colorful;Flowers;A thin transparent film of 8-10 microns.;Minic;Flowers;8;Lucky Rose;WD-TF-M-0005;50;;;0,99;USD
Minic-0006;Colorful;Flowers;A thin transparent film of 8-10 microns.;Minic;Flowers;8;Lucky Rose;WD-TF-M-0006;49;;;0,99;USD
Minic-0007;Colorful;Flowers;A thin transparent film of 8-10 microns.;Minic;Flowers;8;Lucky Rose;WD-TF-M-0007;50;;;0,99;USD
Minic-0008;Colorful;Flowers;A thin transparent film of 8-10 microns.;Minic;Flowers;8;Lucky Rose;WD-TF-M-0008;50;;;0,99;USD
Minic-0009;Colorful;Flowers;A thin transparent film of 8-10 microns.;Minic;Flowers;8;Lucky Rose;WD-TF-M-0009;50;;;0,99;USD
Minic-0010;Colorful;Flowers;A thin transparent film of 8-10 microns.;Minic;Flowers;8;Lucky Rose;WD-TF-M-0010;50;;;0,99;USD
Minic-0011;Colorful;Flowers;A thin transparent film of 8-10 microns.;Minic;Flowers;8;Lucky Rose;WD-TF-M-0011;50;;;0,99;USD
Minic-0012;Colorful;Flowers;A thin transparent film of 8-10 microns.;Minic;Flowers;8;Lucky Rose;WD-TF-M-0012;50;;;0,99;USD
Minic-0013;Colorful;Flowers;A thin transparent film of 8-10 microns.;Minic;Flowers;8;Lucky Rose;WD-TF-M-0013;50;;;0,99;USD
Minic-0014;Black;Lace;A thin transparent film of 8-10 microns.;Minic;Lace;8;Lucky Rose;WD-TF-M-0014;50;;;0,99;USD
Minic-0015;Colorful;Lace;A thin transparent film of 8-10 microns.;Minic;Lace;8;Lucky Rose;WD-TF-M-0015;50;;;0,99;USD
Minic-0016;Colorful;Flowers;A thin transparent film of 8-10 microns.;Minic;Flowers;8;Lucky Rose;WD-TF-M-0016;50;;;0,99;USD
Minic-0017;Colorful;Pattern;A thin transparent film of 8-10 microns.;Minic;Pattern;8;Lucky Rose;WD-TF-M-0017;50;;;0,99;USD
Minic-0018;Colorful;Flowers;A thin transparent film of 8-10 microns.;Minic;Flowers;8;Lucky Rose;WD-TF-M-0018;50;;;0,99;USD
Minic-0019;Colorful;Fruits;A thin transparent film of 8-10 microns.;Minic;Fruits;8;Lucky Rose;WD-TF-M-0019;50;;;0,99;USD
Minic-0020;Colorful;Flowers;A thin transparent film of 8-10 microns.;Minic;Flowers;8;Lucky Rose;WD-TF-M-0020;50;;;0,99;USD
Minic-0021;Colorful;Flowers;A thin transparent film of 8-10 microns.;Minic;Flowers;8;Lucky Rose;WD-TF-M-0021;49;;;0,99;USD
Minic-0022;Colorful;Abstraction;A thin transparent film of 8-10 microns.;Minic;Abstraction;8;Lucky Rose;WD-TF-M-0022;50;;;0,99;USD
Minic-0023;Colorful;Others;A thin transparent film of 8-10 microns.;Minic;Others;8;Lucky Rose;WD-TF-M-0023;50;;;0,99;USD
Minic-0024;Colorful;Pattern;A thin transparent film of 8-10 microns.;Minic;Pattern;8;Lucky Rose;WD-TF-M-0024;48;;;0,99;USD
Minic-0025;Colorful;Flowers;A thin transparent film of 8-10 microns.;Minic;Flowers;8;Lucky Rose;WD-TF-M-0025;50;;;0,99;USD
Minic-0026;Colorful;Others;A thin transparent film of 8-10 microns.;Minic;Others;8;Lucky Rose;WD-TF-M-0026;50;;;0,99;USD
Minic-0027;Colorful;Flowers;A thin transparent film of 8-10 microns.;Minic;Flowers;8;Lucky Rose;WD-TF-M-0027;50;;;0,99;USD
Minic-0028;Colorful;Flowers;A thin transparent film of 8-10 microns.;Minic;Flowers;8;Lucky Rose;WD-TF-M-0028;50;;;0,99;USD
Minic-0029;Colorful;Flowers;A thin transparent film of 8-10 microns.;Minic;Flowers;8;Lucky Rose;WD-TF-M-0029;50;;;0,99;USD
Minic-0030;Colorful;Flowers;A thin transparent film of 8-10 microns.;Minic;Flowers;8;Lucky Rose;WD-TF-M-0030;50;;;0,99;USD
Minic-0031;Colorful;Flowers;A thin transparent film of 8-10 microns.;Minic;Flowers;8;Lucky Rose;WD-TF-M-0031;50;;;0,99;USD
Minic-0032;Colorful;Flowers;A thin transparent film of 8-10 microns.;Minic;Flowers;8;Lucky Rose;WD-TF-M-0032;50;;;0,99;USD
Minic-0033;Colorful;Flowers;A thin transparent film of 8-10 microns.;Minic;Flowers;8;Lucky Rose;WD-TF-M-0033;50;;;0,99;USD
Minic-0034;Colorful;Thematic;A thin transparent film of 8-10 microns.;Minic;Thematic;8;Lucky Rose;WD-TF-M-0034;49;;;0,99;USD
Minic-0035;Colorful;Butterfly;A thin transparent film of 8-10 microns.;Minic;Butterfly;8;Lucky Rose;WD-TF-M-0035;49;;;0,99;USD
Minic-0036;Colorful;Flowers;A thin transparent film of 8-10 microns.;Minic;Flowers;8;Lucky Rose;WD-TF-M-0036;47;;;0,99;USD
Minic-0037;Colorful;Thematic;A thin transparent film of 8-10 microns.;Minic;Thematic;8;Lucky Rose;WD-TF-M-0037;50;;;0,99;USD
Minic-0038;Colorful;Fruits;A thin transparent film of 8-10 microns.;Minic;Fruits;8;Lucky Rose;WD-TF-M-0038;50;;;0,99;USD
Minic-0039;Colorful;Flowers;A thin transparent film of 8-10 microns.;Minic;Flowers;8;Lucky Rose;WD-TF-M-0039;50;;;0,99;USD
Minic-0040;Colorful;Flowers;A thin transparent film of 8-10 microns.;Minic;Flowers;8;Lucky Rose;WD-TF-M-0040;50;;;0,99;USD
Minic-0041;Colorful;Flowers;A thin transparent film of 8-10 microns.;Minic;Flowers;8;Lucky Rose;WD-TF-M-0041;50;;;0,99;USD
Minic-0042;Colorful;Mixed;A thin transparent film of 8-10 microns.;Minic;Mixed;8;Lucky Rose;WD-TF-M-0042;48;;;0,99;USD
Minic-0043;Colorful;Abstraction;A thin transparent film of 8-10 microns.;Minic;Abstraction;8;Lucky Rose;WD-TF-M-0043;100;;;0,99;USD
Minic-0044;Colorful;Flowers;A thin transparent film of 8-10 microns.;Minic;Flowers;8;Lucky Rose;WD-TF-M-0044;100;;;0,99;USD
Minic-0045;Colorful;Flowers;A thin transparent film of 8-10 microns.;Minic;Flowers;8;Lucky Rose;WD-TF-M-0045;100;;;0,99;USD
Minic-0046;Colorful;Seosons;A thin transparent film of 8-10 microns.;Minic;Seosons;8;Lucky Rose;WD-TF-M-0046;100;;;0,99;USD
Minic-0047;Colorful;Abstraction;A thin transparent film of 8-10 microns.;Minic;Abstraction;8;Lucky Rose;WD-TF-M-0047;100;;;0,99;USD
Minic-0048;Colorful;Animals;A thin transparent film of 8-10 microns.;Minic;Animals;8;Lucky Rose;WD-TF-M-0048;100;;;0,99;USD
Minic-0049;Colorful;Animals;A thin transparent film of 8-10 microns.;Minic;Animals;8;Lucky Rose;WD-TF-M-0049;100;;;0,99;USD
Minic-0050;Colorful;Seosons;A thin transparent film of 8-10 microns.;Minic;Seosons;8;Lucky Rose;WD-TF-M-0050;100;;;0,99;USD
Minic-0051;Colorful;Flowers;A thin transparent film of 8-10 microns.;Minic;Flowers;8;Lucky Rose;WD-TF-M-0051;100;;;0,99;USD
Minic-0052;Colorful;Flowers;A thin transparent film of 8-10 microns.;Minic;Flowers;8;Lucky Rose;WD-TF-M-0052;100;;;0,99;USD
Minic-0053;Colorful;Flowers;A thin transparent film of 8-10 microns.;Minic;Flowers;8;Lucky Rose;WD-TF-M-0053;100;;;0,99;USD
Minic-0054;Colorful;Flowers;A thin transparent film of 8-10 microns.;Minic;Flowers;8;Lucky Rose;WD-TF-M-0054;100;;;0,99;USD
Minic-0055;Colorful;Flowers;A thin transparent film of 8-10 microns.;Minic;Flowers;8;Lucky Rose;WD-TF-M-0055;99;;;0,99;USD
Minic-0056;Colorful;Flowers;A thin transparent film of 8-10 microns.;Minic;Flowers;8;Lucky Rose;WD-TF-M-0056;100;;;0,99;USD
Minic-0057;Colorful;Others;A thin transparent film of 8-10 microns.;Minic;Others;8;Lucky Rose;WD-TF-M-0057;100;;;0,99;USD
Minic-0058;Colorful;Mixed;A thin transparent film of 8-10 microns.;Minic;Mixed;8;Lucky Rose;WD-TF-M-0058;100;;;0,99;USD
Minic-0059;Colorful;Mixed;A thin transparent film of 8-10 microns.;Minic;Mixed;8;Lucky Rose;WD-TF-M-0059;100;;;0,99;USD
Minic-0060;Colorful;Mixed;A thin transparent film of 8-10 microns.;Minic;Mixed;8;Lucky Rose;WD-TF-M-0060;100;;;0,99;USD
Minic-0061;Colorful;Mixed;A thin transparent film of 8-10 microns.;Minic;Mixed;8;Lucky Rose;WD-TF-M-0061;100;;;0,99;USD
Minic-0062;Colorful;Mixed;A thin transparent film of 8-10 microns.;Minic;Mixed;8;Lucky Rose;WD-TF-M-0062;100;;;0,99;USD
Minic-0063;Colorful;Flowers;A thin transparent film of 8-10 microns.;Minic;Flowers;8;Lucky Rose;WD-TF-M-0063;99;;;0,99;USD
Minic-0064;Colorful;Flowers;A thin transparent film of 8-10 microns.;Minic;Flowers;8;Lucky Rose;WD-TF-M-0064;99;;;0,99;USD
Minic-0065;Colorful;Flowers;A thin transparent film of 8-10 microns.;Minic;Flowers;8;Lucky Rose;WD-TF-M-0065;100;;;0,99;USD
Modeling-0001;Black;Animals;A thin transparent film of 8-10 microns.;Modeling;Animals;14;Lucky Rose;WD-TF-M-0001;100;;;1,99;USD
Modeling-0002;Black;Pattern;A thin transparent film of 8-10 microns.;Modeling;Pattern;14;Lucky Rose;WD-TF-M-0002;99;;;1,99;USD
Modeling-0003;Black;Floral;A thin transparent film of 8-10 microns.;Modeling;Floral;14;Lucky Rose;WD-TF-M-0003;100;;;1,99;USD
Modeling-0004;Black;Mixed;A thin transparent film of 8-10 microns.;Modeling;Mixed;14;Lucky Rose;WD-TF-M-0004;100;;;1,99;USD
Modeling-0005;Black;Floral;A thin transparent film of 8-10 microns.;Modeling;Floral;14;Lucky Rose;WD-TF-M-0005;100;;;1,99;USD
Pedicure-0001;Colorful;Floral;A thin transparent film of 8-10 microns.;Pedicure;Floral;12;Lucky Rose;WD-WF-P-0001;100;;;1,99;USD
Pedicure-0002;Colorful;Floral;A thin transparent film of 8-10 microns.;Pedicure;Floral;12;Lucky Rose;WD-WF-P-0002;100;;;1,99;USD
Pedicure-0003;Colorful;Others;A thin transparent film of 8-10 microns.;Pedicure;Others;12;Lucky Rose;WD-WF-P-0003;100;;;1,99;USD
Pedicure-0004;Colorful;Others;A thin transparent film of 8-10 microns.;Pedicure;Others;12;Lucky Rose;WD-WF-P-0004;100;;;1,99;USD
Pedicure-0005;Colorful;Floral;A thin transparent film of 8-10 microns.;Pedicure;Floral;12;Lucky Rose;WD-WF-P-0005;100;;;1,99;USD
Pedicure-0006;Colorful;Thematic;A thin transparent film of 8-10 microns.;Pedicure;Thematic;12;Lucky Rose;WD-WF-P-0006;100;;;1,99;USD
Pedicure-0007;Colorful;Floral;A thin transparent film of 8-10 microns.;Pedicure;Floral;12;Lucky Rose;WD-WF-P-0007;100;;;1,99;USD
Pedicure-0008;Colorful;Floral;A thin transparent film of 8-10 microns.;Pedicure;Floral;12;Lucky Rose;WD-WF-P-0008;100;;;1,99;USD
Pedicure-0009;Colorful;Floral;A thin transparent film of 8-10 microns.;Pedicure;Floral;12;Lucky Rose;WD-WF-P-0009;100;;;1,99;USD
Pedicure-0010;Colorful;Abstraction;A thin transparent film of 8-10 microns.;Pedicure;Abstraction;12;Lucky Rose;WD-WF-P-0010;100;;;1,99;USD
Pedicure-0011;Colorful;Others;A thin transparent film of 8-10 microns.;Pedicure;Others;12;Lucky Rose;WD-WF-P-0011;100;;;1,99;USD
Pedicure-0012;Colorful;Flowers;A thin transparent film of 8-10 microns.;Pedicure;Flowers;12;Lucky Rose;WD-WF-P-0012;100;;;1,99;USD
Pedicure-0013;Colorful;Floral;A thin transparent film of 8-10 microns.;Pedicure;Floral;12;Lucky Rose;WD-WF-P-0013;100;;;1,99;USD
Pedicure-0014;Colorful;Thematic;A thin transparent film of 8-10 microns.;Pedicure;Thematic;12;Lucky Rose;WD-WF-P-0014;100;;;1,99;USD
Pedicure-0015;Colorful;Flowers;A thin transparent film of 8-10 microns.;Pedicure;Flowers;12;Lucky Rose;WD-WF-P-0015;100;;;1,99;USD
Pedicure-0016;Colorful;Flowers;A thin transparent film of 8-10 microns.;Pedicure;Flowers;12;Lucky Rose;WD-WF-P-0016;100;;;1,99;USD
Pedicure-0017;Black;Lace;A thin transparent film of 8-10 microns.;Pedicure;Lace;12;Lucky Rose;WD-WF-P-0017;100;;;1,99;USD
Pedicure-0018;Colorful;Flowers;A thin transparent film of 8-10 microns.;Pedicure;Flowers;12;Lucky Rose;WD-WF-P-0018;100;;;1,99;USD
Pedicure-0019;Colorful;Flowers;A thin transparent film of 8-10 microns.;Pedicure;Flowers;12;Lucky Rose;WD-WF-P-0019;100;;;1,99;USD
Pedicure-0020;Colorful;Flowers;A thin transparent film of 8-10 microns.;Pedicure;Flowers;12;Lucky Rose;WD-WF-P-0020;100;;;1,99;USD
True Colour-0001;Black-White;Floral;A thin transparent film of 8-10 microns.;True Colour;Floral;30;Lucky Rose;WD-TF-TC-0001;150;;;1,99;USD
True Colour-0002;Colorful;Geometry;A thin transparent film of 8-10 microns.;True Colour;Geometry;30;Lucky Rose;WD-TF-TC-0002;150;;;1,99;USD
True Colour-0003;Colorful;Geometry;A thin transparent film of 8-10 microns.;True Colour;Geometry;21;Lucky Rose;WD-TF-TC-0003;150;;;1,99;USD
True Colour-0004;Colorful;Mixed;A thin transparent film of 8-10 microns.;True Colour;Mixed;21;Lucky Rose;WD-TF-TC-0004;150;;;1,99;USD
True Colour-0005;Colorful;Inscriptions;A thin transparent film of 8-10 microns.;True Colour;Inscriptions;21;Lucky Rose;WD-TF-TC-0005;150;;;1,99;USD
True Colour-0006;Colorful;Floral;A thin transparent film of 8-10 microns.;True Colour;Floral;30;Lucky Rose;WD-TF-TC-0006;150;;;1,99;USD
True Colour-0007;Colorful;Mixed;A thin transparent film of 8-10 microns.;True Colour;Mixed;21;Lucky Rose;WD-TF-TC-0007;150;;;1,99;USD
True Colour-0008;Colorful;Mixed;A thin transparent film of 8-10 microns.;True Colour;Mixed;21;Lucky Rose;WD-TF-TC-0008;150;;;1,99;USD
True Colour-0009;Colorful;Nature;A thin transparent film of 8-10 microns.;True Colour;Nature;21;Lucky Rose;WD-TF-TC-0009;150;;;1,99;USD
True Colour-0010;Colorful;Nature;A thin transparent film of 8-10 microns.;True Colour;Nature;21;Lucky Rose;WD-TF-TC-0010;150;;;1,99;USD
True Colour-0011;Colorful;Inscriptions;A thin transparent film of 8-10 microns.;True Colour;Inscriptions;30;Lucky Rose;WD-TF-TC-0001;150;;;1,99;USD
True Colour-0012;Colorful;Mixed;A thin transparent film of 8-10 microns.;True Colour;Mixed;21;Lucky Rose;WD-TF-TC-0012;150;;;1,99;USD
True Colour-0013;Black-White;Seosons;A thin transparent film of 8-10 microns.;True Colour;Seosons;30;Lucky Rose;WD-TF-TC-0013;150;;;1,99;USD
True Colour-0014;Colorful;Mixed;A thin transparent film of 8-10 microns.;True Colour;Mixed;30;Lucky Rose;WD-TF-TC-0014;150;;;1,99;USD
True Colour-0015;Colorful;Animals;A thin transparent film of 8-10 microns.;True Colour;Animals;30;Lucky Rose;WD-TF-TC-0015;150;;;1,99;USD
True Colour-0016;Colorful;Mixed;A thin transparent film of 8-10 microns.;True Colour;Mixed;30;Lucky Rose;WD-TF-TC-0016;150;;;1,99;USD
True Colour-0017;Colorful;Mixed;A thin transparent film of 8-10 microns.;True Colour;Mixed;21;Lucky Rose;WD-TF-TC-0017;150;;;1,99;USD
True Colour-0018;Colorful;Nature;A thin transparent film of 8-10 microns.;True Colour;Nature;21;Lucky Rose;WD-TF-TC-0018;150;;;1,99;USD
True Colour-0019;Colorful;Floral;A thin transparent film of 8-10 microns.;True Colour;Floral;30;Lucky Rose;WD-TF-TC-0019;150;;;1,99;USD
True Colour-0020;Colorful;Mixed;A thin transparent film of 8-10 microns.;True Colour;Mixed;30;Lucky Rose;WD-TF-TC-0020;150;;;1,99;USD
True Colour-0021;Colorful;Inscriptions;A thin transparent film of 8-10 microns.;True Colour;Inscriptions;30;Lucky Rose;WD-TF-TC-0021;150;;;1,99;USD
True Colour-0022;Colorful;Animals;A thin transparent film of 8-10 microns.;True Colour;Animals;30;Lucky Rose;WD-TF-TC-0022;150;;;1,99;USD
True Colour-0023;Colorful;Inscriptions;A thin transparent film of 8-10 microns.;True Colour;Inscriptions;30;Lucky Rose;WD-TF-TC-0023;150;;;1,99;USD
True Colour-0024;Colorful;Mixed;A thin transparent film of 8-10 microns.;True Colour;Mixed;30;Lucky Rose;WD-TF-TC-0024;150;;;1,99;USD
True Colour-0025;Colorful;Thematic;A thin transparent film of 8-10 microns.;True Colour;Thematic;30;Lucky Rose;WD-TF-TC-0025;150;;;1,99;USD
True Colour-0026;Colorful;Mixed;A thin transparent film of 8-10 microns.;True Colour;Mixed;30;Lucky Rose;WD-TF-TC-0026;150;;;1,99;USD
True Colour-0027;Colorful;Mixed;A thin transparent film of 8-10 microns.;True Colour;Mixed;30;Lucky Rose;WD-TF-TC-0027;150;;;1,99;USD
True Colour-0028;Colorful;Mixed;A thin transparent film of 8-10 microns.;True Colour;Mixed;30;Lucky Rose;WD-TF-TC-0028;150;;;1,99;USD
True Colour-0029;Colorful;Others;A thin transparent film of 8-10 microns.;True Colour;Others;30;Lucky Rose;WD-TF-TC-0029;150;;;1,99;USD
True Colour-0030;Colorful;Flowers;A thin transparent film of 8-10 microns.;True Colour;Flowers;30;Lucky Rose;WD-TF-TC-0030;150;;;1,99;USD
True Colour-0031;Colorful;Mixed;A thin transparent film of 8-10 microns.;True Colour;Mixed;30;Lucky Rose;WD-TF-TC-0031;150;;;1,99;USD
True Colour-0032;Colorful;Floral;A thin transparent film of 8-10 microns.;True Colour;Floral;21;Lucky Rose;WD-TF-TC-0032;150;;;1,99;USD
True Colour-0033;Colorful;Others;A thin transparent film of 8-10 microns.;True Colour;Others;30;Lucky Rose;WD-TF-TC-0033;150;;;1,99;USD
True Colour-0034;Colorful;Others;A thin transparent film of 8-10 microns.;True Colour;Others;30;Lucky Rose;WD-TF-TC-0034;150;;;1,99;USD
True Colour-0035;Colorful;Flowers;A thin transparent film of 8-10 microns.;True Colour;Flowers;30;Lucky Rose;WD-TF-TC-0035;150;;;1,99;USD
True Colour-0036;Colorful;Mixed;A thin transparent film of 8-10 microns.;True Colour;Mixed;30;Lucky Rose;WD-TF-TC-0036;150;;;1,99;USD
True Colour-0037;Colorful;Mixed;A thin transparent film of 8-10 microns.;True Colour;Mixed;30;Lucky Rose;WD-TF-TC-0037;150;;;1,99;USD
True Colour-0038;Colorful;Mixed;A thin transparent film of 8-10 microns.;True Colour;Mixed;30;Lucky Rose;WD-TF-TC-0038;150;;;1,99;USD
True Colour-0039;Colorful;Mixed;A thin transparent film of 8-10 microns.;True Colour;Mixed;30;Lucky Rose;WD-TF-TC-0039;150;;;1,99;USD
True Colour-0040;Colorful;Animals;A thin transparent film of 8-10 microns.;True Colour;Animals;30;Lucky Rose;WD-TF-TC-0040;150;;;1,99;USD
True Colour-0041;Black-White;Seosons;A thin transparent film of 8-10 microns.;True Colour;Seosons;30;Lucky Rose;WD-TF-TC-0041;150;;;1,99;USD
True Colour-0042;Colorful;Mixed;A thin transparent film of 8-10 microns.;True Colour;Mixed;30;Lucky Rose;WD-TF-TC-0042;150;;;1,99;USD
True Colour-0043;Colorful;Inscriptions;A thin transparent film of 8-10 microns.;True Colour;Inscriptions;30;Lucky Rose;WD-TF-TC-0043;150;;;1,99;USD
True Colour-0044;Colorful;Geometry;A thin transparent film of 8-10 microns.;True Colour;Geometry;14;Lucky Rose;WD-TF-TC-0044;150;;;1,99;USD
True Colour-0045;Colorful;Geometry;A thin transparent film of 8-10 microns.;True Colour;Geometry;14;Lucky Rose;WD-TF-TC-0045;150;;;1,99;USD
White-0001;White;Geometry;A thin transparent film of 8-10 microns.;White;Geometry;14;Lucky Rose;WD-TF-W-0001;150;;;1,99;USD
White-0002;White;Floral;A thin transparent film of 8-10 microns.;White;Floral;14;Lucky Rose;WD-TF-W-0002;150;;;1,99;USD
White-0003;White;Lace;A thin transparent film of 8-10 microns.;White;Lace;14;Lucky Rose;WD-TF-W-0003;150;;;1,99;USD
White-0004;White;Thematic;A thin transparent film of 8-10 microns.;White;Thematic;14;Lucky Rose;WD-TF-W-0004;150;;;1,99;USD
White-0005;White;Floral;A thin transparent film of 8-10 microns.;White;Floral;14;Lucky Rose;WD-TF-W-0005;150;;;1,99;USD
White-0006;White;Lace;A thin transparent film of 8-10 microns.;White;Lace;14;Lucky Rose;WD-TF-W-0006;150;;;1,99;USD
White-0007;White;Lace;A thin transparent film of 8-10 microns.;White;Lace;14;Lucky Rose;WD-TF-W-0007;150;;;1,99;USD
White-0008;White;Lace;A thin transparent film of 8-10 microns.;White;Laca;14;Lucky Rose;WD-TF-W-0008;150;;;1,99;USD
White-0009;White;Thematic;A thin transparent film of 8-10 microns.;White;Thematic;30;Lucky Rose;WD-TF-W-0009;150;;;1,99;USD
White-0010;White;Seosons;A thin transparent film of 8-10 microns.;White;Seosons;30;Lucky Rose;WD-TF-W-0010;150;;;1,99;USD
WhiteBack Metallic gold-1;Colorful&Gold;Others;The white film of 10-12 microns.;White Back Metallic;Others;12;Lucky Rose;WD-WF-WBMG-00001;101;;;1,99;USD
WhiteBack Metallic gold-2;Colorful&Gold;Pattern;The white film of 10-12 microns.;White Back Metallic;Pattern;12;Lucky Rose;WD-WF-WBMG-00002;100;;;1,99;USD
WhiteBack Metallic gold-3;Colorful&Gold;Flowers;The white film of 10-12 microns.;White Back Metallic;Flowers;12;Lucky Rose;WD-WF-WBMG-00003;100;;;1,99;USD
WhiteBack Metallic gold-4;Colorful&Gold;Flowers;The white film of 10-12 microns.;White Back Metallic;Flowers;12;Lucky Rose;WD-WF-WBMG-00004;100;;;1,99;USD
WhiteBack Metallic silver-1;Colorful&Silver;Others;The white film of 10-12 microns.;White Back Metallic;Others;12;Lucky Rose;WD-WF-WBMS-00001;103;;;1,99;USD
WhiteBack Metallic silver-2;Colorful&Silver;Pattern;The white film of 10-12 microns.;White Back Metallic;Pattern;12;Lucky Rose;WD-WF-WBMS-00002;105;;;1,99;USD
WhiteBack Metallic silver-3;Colorful&Silver;Flowers;The white film of 10-12 microns.;White Back Metallic;Flowers;12;Lucky Rose;WD-WF-WBMS-00003;104;;;1,99;USD
whiteback-1;Colorful;Chabby Chic;The white film of 10-12 microns.;White Back;Chabby Chic;12;Lucky Rose;WD-WF-WB-00001;100;;;1,99;USD
WhiteBack-2;Colorful;Pattern;The white film of 10-12 microns.;White Back;Pattern;12;Lucky Rose;WD-WF-WB-00002;100;;;1,99;USD
WhiteBack-3;Colorful;Pattern;The white film of 10-12 microns.;White Back;Pattern;12;Lucky Rose;WD-WF-WB-00003;100;;;1,99;USD
WhiteBack-4;Colorful;Pattern;The white film of 10-12 microns.;White Back;Pattern;12;Lucky Rose;WD-WF-WB-00004;100;;;1,99;USD
WhiteBack-5;Colorful;Abstraction;The white film of 10-12 microns.;White Back;Abstraction;12;Lucky Rose;WD-WF-WB-00005;100;;;1,99;USD
WhiteBack-6;Colorful;Flowers;The white film of 10-12 microns.;White Back;Flowers;12;Lucky Rose;WD-WF-WB-00006;100;;;1,99;USD
WhiteBack-7;Colorful;Flowers;The white film of 10-12 microns.;White Back;Flowers;12;Lucky Rose;WD-WF-WB-00007;100;;;1,99;USD
