IE_NAME;IE_ID;IE_CODE;IC_GROUP0;IP_PROP36;IP_PROP70;IP_PROP71;IP_PROP72;IP_PROP74;IP_PROP75;IP_PROP76;IP_PROP46;CP_QUANTITY;CV_QUANTITY_FROM;CV_QUANTITY_TO;CV_PRICE_1;CV_CURRENCY_1
2Fingers-0001;60;2fingers_0001;2 Fingers series;Colorful;Fruits;A thin transparent film of 8-10 microns.;2Fingers;Fruits;16;Lucky Rose;WD-TF-2F-0001;200;;;1,99;USD
2Fingers-0002;61;2fingers_0002;2 Fingers series;Colorful;Mixed;A thin transparent film of 8-10 microns.;2Fingers;Mixed;16;Lucky Rose;WD-TF-2F-0002;200;;;1,99;USD
2Fingers-0003;62;2fingers_0003;2 Fingers series;Colorful;Mixed;A thin transparent film of 8-10 microns.;2Fingers;Mixed;16;Lucky Rose;WD-TF-2F-0003;200;;;1,99;USD
2Fingers-0004;63;2fingers_0004;2 Fingers series;Colorful;Mixed;A thin transparent film of 8-10 microns.;2Fingers;Mixed;16;Lucky Rose;WD-TF-2F-0004;200;;;1,99;USD
2Fingers-0005;64;2fingers_0005;2 Fingers series;Colorful;Mixed;A thin transparent film of 8-10 microns.;2Fingers;Mixed;16;Lucky Rose;WD-TF-2F-0005;200;;;1,99;USD
2Fingers-0006;65;2fingers_0006;2 Fingers series;Colorful;Heroes;A thin transparent film of 8-10 microns.;2Fingers;Heroes;16;Lucky Rose;WD-TF-2F-0006;200;;;1,99;USD
2Fingers-0007;66;2fingers_0007;2 Fingers series;Black;Mixed;A thin transparent film of 8-10 microns.;2Fingers;Mixed;16;Lucky Rose;WD-TF-2F-0007;200;;;1,99;USD
2Fingers-0008;;2fingers_0008;2 Fingers series;Black;Mixed;A thin transparent film of 8-10 microns.;2Fingers;Mixed;16;Lucky Rose;WD-TF-2F-0008;200;;;1,99;USD
2Fingers-0009;;2fingers_0009;2 Fingers series;Black;Mixed;A thin transparent film of 8-10 microns.;2Fingers;Mixed;16;Lucky Rose;WD-TF-2F-0009;200;;;1,99;USD
2Fingers-0010;;2fingers_0010;2 Fingers series;Black;Mixed;A thin transparent film of 8-10 microns.;2Fingers;Mixed;16;Lucky Rose;WD-TF-2F-0010;200;;;1,99;USD
2Fingers-0011;;2fingers_0011;2 Fingers series;Colorful;Floral;A thin transparent film of 8-10 microns.;2Fingers;Floral;16;Lucky Rose;WD-TF-2F-0011;200;;;1,99;USD
2Fingers-0012;;2fingers_0012;2 Fingers series;Colorful;Mixed;A thin transparent film of 8-10 microns.;2Fingers;Mixed;16;Lucky Rose;WD-TF-2F-0012;200;;;1,99;USD
2Fingers-0013;;2fingers_0013;2 Fingers series;Colorful;Floral;A thin transparent film of 8-10 microns.;2Fingers;Floral;16;Lucky Rose;WD-TF-2F-0013;200;;;1,99;USD
2Fingers-0014;;2fingers_0014;2 Fingers series;Colorful;Mixed;A thin transparent film of 8-10 microns.;2Fingers;Mixed;16;Lucky Rose;WD-TF-2F-0014;200;;;1,99;USD
2Fingers-0015;;2fingers_0015;2 Fingers series;Colorful;Animals;A thin transparent film of 8-10 microns.;2Fingers;Animals;16;Lucky Rose;WD-TF-2F-0015;200;;;1,99;USD
2Fingers-0016;;2fingers_0016;2 Fingers series;Black;Lace;A thin transparent film of 8-10 microns.;2Fingers;Lace;16;Lucky Rose;WD-TF-2F-0016;200;;;1,99;USD
2Fingers-0017;;2fingers_0017;2 Fingers series;Colorful;Animals;A thin transparent film of 8-10 microns.;2Fingers;Animals;16;Lucky Rose;WD-TF-2F-0017;200;;;1,99;USD
2Fingers-0018;;2fingers_0018;2 Fingers series;Colorful;Seosons;A thin transparent film of 8-10 microns.;2Fingers;Seosons;16;Lucky Rose;WD-TF-2F-0018;200;;;1,99;USD
2Fingers-0019;;2fingers_0019;2 Fingers series;Colorful;Thematic;A thin transparent film of 8-10 microns.;2Fingers;Thematic;16;Lucky Rose;WD-TF-2F-0019;200;;;1,99;USD
2Fingers-0020;;2fingers_0020;2 Fingers series;Colorful;Mixed;A thin transparent film of 8-10 microns.;2Fingers;Mixed;16;Lucky Rose;WD-TF-2F-0020;200;;;1,99;USD
2Fingers-0021;;2fingers_0021;2 Fingers series;Colorful;Others;A thin transparent film of 8-10 microns.;2Fingers;Others;16;Lucky Rose;WD-TF-2F-0021;200;;;1,99;USD
2Fingers-0022;;2fingers_0022;2 Fingers series;Colorful;Pattern;A thin transparent film of 8-10 microns.;2Fingers;Pattern;16;Lucky Rose;WD-TF-2F-0022;200;;;1,99;USD
2Fingers-0023;;2fingers_0023;2 Fingers series;Colorful;Others;A thin transparent film of 8-10 microns.;2Fingers;Others;16;Lucky Rose;WD-TF-2F-0023;200;;;1,99;USD
2Fingers-0024;;2fingers_0024;2 Fingers series;Colorful;Butterfly;A thin transparent film of 8-10 microns.;2Fingers;Butterfly;16;Lucky Rose;WD-TF-2F-0024;200;;;1,99;USD
2Fingers-0025;;2fingers_0025;2 Fingers series;Colorful;Mixed;A thin transparent film of 8-10 microns.;2Fingers;Mixed;16;Lucky Rose;WD-TF-2F-0025;200;;;1,99;USD
3D slider-0001;172;3d_slider_0001;3D slider;Colorful;Mixed;A thin transparent film of 8-10 microns.;3D slider;Mixed;30;Lucky Rose;WD-TF-3D-0001;200;;;1,99;USD
3D slider-0002;;3d_slider_0002;3D slider;Black-White;Mixed;A thin transparent film of 8-10 microns.;3D slider;Mixed;30;Lucky Rose;WD-TF-3D-0002;200;;;1,99;USD
3D slider-0003;;3d_slider_0003;3D slider;White;Lace;A thin transparent film of 8-10 microns.;3D slider;Lace;14;Lucky Rose;WD-TF-3D-0003;200;;;1,99;USD
3D slider-0004;;3d_slider_0004;3D slider;Black;Lace;A thin transparent film of 8-10 microns.;3D slider;Lace;14;Lucky Rose;WD-TF-3D-0004;200;;;1,99;USD
3D slider-0005;;3d_slider_0005;3D slider;Black-White;Geometry;A thin transparent film of 8-10 microns.;3D slider;Geometry;30;Lucky Rose;WD-TF-3D-0005;200;;;1,99;USD
3D slider-0006;;3d_slider_0006;3D slider;Colorful;Pattern;A thin transparent film of 8-10 microns.;3D slider;Pattern;14;Lucky Rose;WD-TF-3D-0006;200;;;1,99;USD
3D slider-0007;;3d_slider_0007;3D slider;Colorful;Butterfly;A thin transparent film of 8-10 microns.;3D slider;Butterfly;30;Lucky Rose;WD-TF-3D-0007;200;;;1,99;USD
3D slider-0008;;3d_slider_0008;3D slider;Colorful;Butterfly;A thin transparent film of 8-10 microns.;3D slider;Butterfly;21;Lucky Rose;WD-TF-3D-0008;200;;;1,99;USD
3D slider-0009;;3d_slider_0009;3D slider;Black-White;Inscriptions;A thin transparent film of 8-10 microns.;3D slider;Inscriptions;30;Lucky Rose;WD-TF-3D-0009;200;;;1,99;USD
3D slider-0010;;3d_slider_0010;3D slider;Colorful;Flowers;A thin transparent film of 8-10 microns.;3D slider;Flowers;21;Lucky Rose;WD-TF-3D-0010;200;;;1,99;USD
3D slider-0011;;3d_slider_0011;3D slider;Colorful;Flowers;A thin transparent film of 8-10 microns.;3D slider;Flowers;14;Lucky Rose;WD-TF-3D-0011;200;;;1,99;USD
3D slider-0012;;3d_slider_0012;3D slider;Colorful;Fruits;A thin transparent film of 8-10 microns.;3D slider;Fruits;30;Lucky Rose;WD-TF-3D-0012;200;;;1,99;USD
3D slider-0013;;3d_slider_0013;3D slider;Colorful;Flowers;A thin transparent film of 8-10 microns.;3D slider;Flowers;30;Lucky Rose;WD-TF-3D-0013;200;;;1,99;USD
3D slider-0014;;3d_slider_0014;3D slider;White;Flowers;A thin transparent film of 8-10 microns.;3D slider;Flowers;21;Lucky Rose;WD-TF-3D-0014;200;;;1,99;USD
3D slider-0015;;3d_slider_0015;3D slider;Colorful;Floral;A thin transparent film of 8-10 microns.;3D slider;Floral;30;Lucky Rose;WD-TF-3D-0015;200;;;1,99;USD
3D slider-0016;;3d_slider_0016;3D slider;Black-White;Pattern;A thin transparent film of 8-10 microns.;3D slider;Pattern;30;Lucky Rose;WD-TF-3D-0016;200;;;1,99;USD
3D slider-0017;;3d_slider_0017;3D slider;Colorful;Flowers;A thin transparent film of 8-10 microns.;3D slider;Flowers;14;Lucky Rose;WD-TF-3D-0017;200;;;1,99;USD
3D slider-0018;;3d_slider_0018;3D slider;Colorful;Floral;A thin transparent film of 8-10 microns.;3D slider;Floral;30;Lucky Rose;WD-TF-3D-0018;200;;;1,99;USD
3D slider-0019;;3d_slider_0019;3D slider;Colorful;Mixed;A thin transparent film of 8-10 microns.;3D slider;Mixed;30;Lucky Rose;WD-TF-3D-0019;200;;;1,99;USD
3D slider-0020;;3d_slider_0020;3D slider;Black-White;Pattern;A thin transparent film of 8-10 microns.;3D slider;Pattern;14;Lucky Rose;WD-TF-3D-0020;200;;;1,99;USD
3D slider-0021;;3d_slider_0021;3D slider;Colorful;Others;A thin transparent film of 8-10 microns.;3D slider;Others;30;Lucky Rose;WD-TF-3D-0021;200;;;1,99;USD
3D slider-0022;;3d_slider_0022;3D slider;Colorful;Seosons;A thin transparent film of 8-10 microns.;3D slider;Seosons;30;Lucky Rose;WD-TF-3D-0022;200;;;1,99;USD
3D slider-0023;;3d_slider_0023;3D slider;Colorful;Inscriptions;A thin transparent film of 8-10 microns.;3D slider;Inscriptions;30;Lucky Rose;WD-TF-3D-0023;200;;;1,99;USD
3D slider-0024;;3d_slider_0024;3D slider;Colorful;Mixed;A thin transparent film of 8-10 microns.;3D slider;Mixed;30;Lucky Rose;WD-TF-3D-0024;200;;;1,99;USD
3D slider-0025;;3d_slider_0025;3D slider;Colorful;Mixed;A thin transparent film of 8-10 microns.;3D slider;Mixed;30;Lucky Rose;WD-TF-3D-0025;200;;;1,99;USD
3D slider-0026;;3d_slider_0026;3D slider;Colorful;Mixed;A thin transparent film of 8-10 microns.;3D slider;Mixed;30;Lucky Rose;WD-TF-3D-0026;200;;;1,99;USD
3D slider-0027;;3d_slider_0027;3D slider;Colorful;Mixed;A thin transparent film of 8-10 microns.;3D slider;Mixed;30;Lucky Rose;WD-TF-3D-0027;200;;;1,99;USD
3D slider-0028;;3d_slider_0028;3D slider;Colorful;Others;A thin transparent film of 8-10 microns.;3D slider;Others;21;Lucky Rose;WD-TF-3D-0028;200;;;1,99;USD
3D slider-0029;;3d_slider_0029;3D slider;Black-White;Lace;A thin transparent film of 8-10 microns.;3D slider;Lace;30;Lucky Rose;WD-TF-3D-0029;200;;;1,99;USD
3D slider-0030;;3d_slider_0030;3D slider;Colorful;Mixed;A thin transparent film of 8-10 microns.;3D slider;Mixed;30;Lucky Rose;WD-TF-3D-0030;200;;;1,99;USD
3D slider-0031;;3d_slider_0031;3D slider;Colorful;Flowers;A thin transparent film of 8-10 microns.;3D slider;Flowers;30;Lucky Rose;WD-TF-3D-0031;200;;;1,99;USD
3D slider-0032;;3d_slider_0032;3D slider;Colorful;Flowers;A thin transparent film of 8-10 microns.;3D slider;Flowers;30;Lucky Rose;WD-TF-3D-0032;200;;;1,99;USD
3D slider-0033;;3d_slider_0033;3D slider;Colorful;Mixed;A thin transparent film of 8-10 microns.;3D slider;Mixed;21;Lucky Rose;WD-TF-3D-0033;200;;;1,99;USD
3D slider-0034;;3d_slider_0034;3D slider;Colorful;Mixed;A thin transparent film of 8-10 microns.;3D slider;Mixed;30;Lucky Rose;WD-TF-3D-0034;200;;;1,99;USD
3D slider-0035;;3d_slider_0035;3D slider;Colorful;Floral;A thin transparent film of 8-10 microns.;3D slider;Floral;21;Lucky Rose;WD-TF-3D-0035;200;;;1,99;USD
3D slider-0036;;3d_slider_0036;3D slider;Colorful;Others;A thin transparent film of 8-10 microns.;3D slider;Others;21;Lucky Rose;WD-TF-3D-0036;200;;;1,99;USD
3D slider-0037;;3d_slider_0037;3D slider;Colorful;Mixed;A thin transparent film of 8-10 microns.;3D slider;Mixed;21;Lucky Rose;WD-TF-3D-0037;200;;;1,99;USD
3D slider-0038;;3d_slider_0038;3D slider;Colorful;Mixed;A thin transparent film of 8-10 microns.;3D slider;Mixed;21;Lucky Rose;WD-TF-3D-0038;200;;;1,99;USD
3D slider-0039;;3d_slider_0039;3D slider;Colorful;Mixed;A thin transparent film of 8-10 microns.;3D slider;Mixed;21;Lucky Rose;WD-TF-3D-0039;200;;;1,99;USD
3D slider-0040;;3d_slider_0040;3D slider;Colorful;Floral;A thin transparent film of 8-10 microns.;3D slider;Floral;21;Lucky Rose;WD-TF-3D-0040;200;;;1,99;USD
3D slider-0041;;3d_slider_0041;3D slider;Colorful;Inscriptions;A thin transparent film of 8-10 microns.;3D slider;Inscriptions;30;Lucky Rose;WD-TF-3D-0041;200;;;1,99;USD
3D slider-0042;;3d_slider_0042;3D slider;Colorful;Seosons;A thin transparent film of 8-10 microns.;3D slider;Seosons;30;Lucky Rose;WD-TF-3D-0042;200;;;1,99;USD
Aero Black-0001;511;aero_black_0001;Aero series;Black;Geometry;A thin transparent film of 8-10 microns.;Aero Black;Geometry;14;Lucky Rose;WD-TF-A-B-0001;200;;;1,99;USD
Aero Black-0002;512;aero_black_0002;Aero series;Black;Gradient;A thin transparent film of 8-10 microns.;Aero Black;Gradient;14;Lucky Rose;WD-TF-A-B-0002;200;;;1,99;USD
Aero Black-0003;521;aero_black_0003;Aero series;Black;Geometry;A thin transparent film of 8-10 microns.;Aero Black;Geometry;14;Lucky Rose;WD-TF-A-B-0003;200;;;1,99;USD
Aero Black-0004;522;aero_black_0004;Aero series;Black;Geometry;A thin transparent film of 8-10 microns.;Aero Black;Geometry;14;Lucky Rose;WD-TF-A-B-0004;200;;;1,99;USD
Aero Neon-0006;516;aero_neon_0006;Aero series;Colorful;Mixed;A thin transparent film of 8-10 microns.;Aero Neon;Mixed;21;Lucky Rose;WD-TF-A-N-0006;200;;;1,99;USD
Aero Neon-0007;517;aero_neon_0007;Aero series;Colorful;Others;A thin transparent film of 8-10 microns.;Aero Neon;Others;14;Lucky Rose;WD-TF-A-N-0007;200;;;1,99;USD
Aero Neon-0008;518;aero_neon_0008;Aero series;Colorful;Geometry;A thin transparent film of 8-10 microns.;Aero Neon;Geometry;21;Lucky Rose;WD-TF-A-N-0008;200;;;1,99;USD
Aero Neon-0009;519;aero_neon_0009;Aero series;Colorful;Mixed;A thin transparent film of 8-10 microns.;Aero Neon;Mixed;30;Lucky Rose;WD-TF-A-N-0009;200;;;1,99;USD
Aero Neon-0010;520;aero_neon_0010;Aero series;Colorful;Mixed;A thin transparent film of 8-10 microns.;Aero Neon;Mixed;30;Lucky Rose;WD-TF-A-N-0010;200;;;1,99;USD
Aero White-0001;510;aero_white_0001;Aero series;White;Geometry;A thin transparent film of 8-10 microns.;Aero White;Geometry;14;Lucky Rose;WD-TF-A-W-0001;200;;;1,99;USD
Aero White-0002;513;aero_white_0002;Aero series;White;Gradient;A thin transparent film of 8-10 microns.;Aero White;Gradient;14;Lucky Rose;WD-TF-A-W-0002;200;;;1,99;USD
Aero White-0003;514;aero_white_0003;Aero series;White;Geometry;A thin transparent film of 8-10 microns.;Aero White;Geometry;14;Lucky Rose;WD-TF-A-W-0003;200;;;1,99;USD
Aero White-0004;523;aero_white_0004;Aero series;White;Geometry;A thin transparent film of 8-10 microns.;Aero White;Geometry;14;Lucky Rose;WD-TF-A-W-0004;200;;;1,99;USD
Aero-0005;515;aero_0005;Aero series;Black-White;Others;A thin transparent film of 8-10 microns.;Aero;Others;14;Lucky Rose;WD-TF-A-0005;200;;;1,99;USD
Aero-0011;524;aero_0011;Aero series;Colorful;Animals;A thin transparent film of 8-10 microns.;Aero;Animals;21;Lucky Rose;WD-TF-A-0011;200;;;1,99;USD
Aero-0012;525;aero_0012;Aero series;Colorful;Geometry;A thin transparent film of 8-10 microns.;Aero;Geometry;21;Lucky Rose;WD-TF-A-0012;200;;;1,99;USD
Aero-0013;526;aero_0013;Aero series;Colorful;Seosons;A thin transparent film of 8-10 microns.;Aero;Seosons;30;Lucky Rose;WD-TF-A-0013;200;;;1,99;USD
Aero-0014;527;aero_0014;Aero series;Black-White;Geometry;A thin transparent film of 8-10 microns.;Aero;Geometry;21;Lucky Rose;WD-TF-A-0014;200;;;1,99;USD
Aero-0015;528;aero_0015;Aero series;Colorful;Mixed;A thin transparent film of 8-10 microns.;Aero;Mixed;30;Lucky Rose;WD-TF-A-0015;200;;;1,99;USD
Aero-0016;529;aero_0016;Aero series;Colorful;Inscriptions;A thin transparent film of 8-10 microns.;Aero;Inscriptions;30;Lucky Rose;WD-TF-A-0016;200;;;1,99;USD
Aero-0017;530;aero_0017;Aero series;Colorful;Others;A thin transparent film of 8-10 microns.;Aero;Others;14;Lucky Rose;WD-TF-A-0017;200;;;1,99;USD
Aero-0018;;aero_0018;Aero series;Colorful;Mixed;A thin transparent film of 8-10 microns.;Aero;Mixed;14;Lucky Rose;WD-TF-A-0018;200;;;1,99;USD
Aero-0019;;aero_0019;Aero series;Colorful;Mixed;A thin transparent film of 8-10 microns.;Aero;Mixed;21;Lucky Rose;WD-TF-A-0019;200;;;1,99;USD
Aero-0020;;aero_0020;Aero series;Colorful;Mixed;A thin transparent film of 8-10 microns.;Aero;Mixed;21;Lucky Rose;WD-TF-A-0020;200;;;1,99;USD
Aero-0021;;aero_0021;Aero series;Colorful;Mixed;A thin transparent film of 8-10 microns.;Aero;Mixed;14;Lucky Rose;WD-TF-A-0021;200;;;1,99;USD
Aero-0022;;aero_0022;Aero series;Colorful;Mixed;A thin transparent film of 8-10 microns.;Aero;Mixed;30;Lucky Rose;WD-TF-A-0022;200;;;1,99;USD
Aero Neon-0023;;aero_neon_0023;Aero series;Colorful;Flowers;A thin transparent film of 8-10 microns.;Aero;Flowers;30;Lucky Rose;WD-TF-A-0023;200;;;1,99;USD
Aero Neon-0024;;aero_neon_0024;Aero series;Colorful;Mixed;A thin transparent film of 8-10 microns.;Aero;Mixed;30;Lucky Rose;WD-TF-A-0024;200;;;1,99;USD
Aero Neon-0025;;aero_neon_0025;Aero series;Colorful;Inscriptions;A thin transparent film of 8-10 microns.;Aero;Inscriptions;21;Lucky Rose;WD-TF-A-0025;200;;;1,99;USD
Aero-0026;;aero_0026;Aero series;Colorful;Mixed;A thin transparent film of 8-10 microns.;Aero;Mixed;14;Lucky Rose;WD-TF-A-0026;200;;;1,99;USD
Aero-0027;;aero_0027;Aero series;Colorful;Seosons;A thin transparent film of 8-10 microns.;Aero;Seosons;30;Lucky Rose;WD-TF-A-0027;200;;;1,99;USD
Aero-0028;;aero_0028;Aero series;Colorful;Geometry;A thin transparent film of 8-10 microns.;Aero;Geometry;30;Lucky Rose;WD-TF-A-0028;200;;;1,99;USD
Black-0001;92;black_0001;Black series;Black;Mixed;A thin transparent film of 8-10 microns.;Black;Mixed;30;Lucky Rose;WD-TF-B-0001;200;;;1,99;USD
Black-0002;93;black_0002;Black series;Black;People;A thin transparent film of 8-10 microns.;Black;People;14;Lucky Rose;WD-TF-B-0002;200;;;1,99;USD
Black-0003;94;black_0003;Black series;Black;Lace;A thin transparent film of 8-10 microns.;Black;Lace;14;Lucky Rose;WD-TF-B-0003;200;;;1,99;USD
Black-0004;95;black_0004;Black series;Black;Lace;A thin transparent film of 8-10 microns.;Black;Lace;14;Lucky Rose;WD-TF-B-0004;200;;;1,99;USD
Black-0005;96;black_0005;Black series;Black;Lace;A thin transparent film of 8-10 microns.;Black;Lace;14;Lucky Rose;WD-TF-B-0005;200;;;1,99;USD
Black-0006;351;black_0006;Black series;Black;Animals;A thin transparent film of 8-10 microns.;Black;Animals;21;Lucky Rose;WD-TF-B-0006;200;;;1,99;USD
Black-0007;352;black_0007;Black series;Black;Inscriptions;A thin transparent film of 8-10 microns.;Black;Inscriptions;21;Lucky Rose;WD-TF-B-0007;200;;;1,99;USD
Black-0008;353;black_0008;Black series;Black;Geometry;A thin transparent film of 8-10 microns.;Black;Geometry;30;Lucky Rose;WD-TF-B-0008;200;;;1,99;USD
Black-0009;354;black_0009;Black series;Black;Geometry;A thin transparent film of 8-10 microns.;Black;Geometry;30;Lucky Rose;WD-TF-B-0009;200;;;1,99;USD
Black-0010;355;black_0010;Black series;Black;Geometry;A thin transparent film of 8-10 microns.;Black;Geometry;21;Lucky Rose;WD-TF-B-0010;200;;;1,99;USD
Black-0011;356;black_0011;Black series;Black;People;A thin transparent film of 8-10 microns.;Black;People;14;Lucky Rose;WD-TF-B-0011;200;;;1,99;USD
Black-0012;357;black_0012;Black series;Black;Geometry;A thin transparent film of 8-10 microns.;Black;Geometry;14;Lucky Rose;WD-TF-B-0012;200;;;1,99;USD
Black-0013;358;black_0013;Black series;Black;Floral;A thin transparent film of 8-10 microns.;Black;Floral;30;Lucky Rose;WD-TF-B-0013;200;;;1,99;USD
Black-0014;359;black_0014;Black series;Black;Seosons;A thin transparent film of 8-10 microns.;Black;Seosons;30;Lucky Rose;WD-TF-B-0014;200;;;1,99;USD
Black-0015;360;black_0015;Black series;Black;Heroes;A thin transparent film of 8-10 microns.;Black;Heroes;30;Lucky Rose;WD-TF-B-0015;200;;;1,99;USD
Black-0016;361;black_0016;Black series;Black;Mixed;A thin transparent film of 8-10 microns.;Black;Mixed;30;Lucky Rose;WD-TF-B-0016;200;;;1,99;USD
Black-0017;362;black_0017;Black series;Black;Geometry;A thin transparent film of 8-10 microns.;Black;Geometry;30;Lucky Rose;WD-TF-B-0017;200;;;1,99;USD
Black-0018;363;black_0018;Black series;Black;Geometry;A thin transparent film of 8-10 microns.;Black;Geometry;30;Lucky Rose;WD-TF-B-0018;200;;;1,99;USD
Black-0019;364;black_0019;Black series;Black;Geometry;A thin transparent film of 8-10 microns.;Black;Geometry;30;Lucky Rose;WD-TF-B-0019;200;;;1,99;USD
Black-0020;365;black_0020;Black series;Black;Floral;A thin transparent film of 8-10 microns.;Black;Floral;14;Lucky Rose;WD-TF-B-0020;200;;;1,99;USD
Black-0021;366;black_0021;Black series;Black;Pattern;A thin transparent film of 8-10 microns.;Black;Pattern;14;Lucky Rose;WD-TF-B-0021;200;;;1,99;USD
Black-0022;367;black_0022;Black series;Black;Lace;A thin transparent film of 8-10 microns.;Black;Lace;14;Lucky Rose;WD-TF-B-0022;200;;;1,99;USD
Black-0023;368;black_0023;Black series;Black;Others;A thin transparent film of 8-10 microns.;Black;Others;21;Lucky Rose;WD-TF-B-0023;200;;;1,99;USD
Black-0024;369;black_0024;Black series;Black;Geometry;A thin transparent film of 8-10 microns.;Black;Geometry;21;Lucky Rose;WD-TF-B-0024;200;;;1,99;USD
Black-0025;370;black_0025;Black series;Black;Inscriptions;A thin transparent film of 8-10 microns.;Black;Inscriptions;14;Lucky Rose;WD-TF-B-0025;200;;;1,99;USD
Black-0026;371;black_0026;Black series;Black;Mixed;A thin transparent film of 8-10 microns.;Black;Mixed;21;Lucky Rose;WD-TF-B-0026;200;;;1,99;USD
Black-0027;372;black_0027;Black series;Black;Mixed;A thin transparent film of 8-10 microns.;Black;Mixed;30;Lucky Rose;WD-TF-B-0027;200;;;1,99;USD
Black-0028;373;black_0028;Black series;Black;Others;A thin transparent film of 8-10 microns.;Black;Others;14;Lucky Rose;WD-TF-B-0028;200;;;1,99;USD
Black-0029;374;black_0029;Black series;Black;Others;A thin transparent film of 8-10 microns.;Black;Others;14;Lucky Rose;WD-TF-B-0029;200;;;1,99;USD
Black-0030;375;black_0030;Black series;Black;Floral;A thin transparent film of 8-10 microns.;Black;Floral;14;Lucky Rose;WD-TF-B-0030;200;;;1,99;USD
Black-0031;376;black_0031;Black series;Black;Floral;A thin transparent film of 8-10 microns.;Black;Floral;14;Lucky Rose;WD-TF-B-0031;200;;;1,99;USD
Black-0032;377;black_0032;Black series;Black;Floral;A thin transparent film of 8-10 microns.;Black;Floral;14;Lucky Rose;WD-TF-B-0032;200;;;1,99;USD
Black-0033;378;black_0033;Black series;Black;Geometry;A thin transparent film of 8-10 microns.;Black;Geometry;30;Lucky Rose;WD-TF-B-0033;200;;;1,99;USD
Black-0034;379;black_0034;Black series;Black;Animals;A thin transparent film of 8-10 microns.;Black;Animals;21;Lucky Rose;WD-TF-B-0034;200;;;1,99;USD
Black-0035;380;black_0035;Black series;Black;Floral;A thin transparent film of 8-10 microns.;Black;Floral;30;Lucky Rose;WD-TF-B-0035;200;;;1,99;USD
Black-0036;459;black_0036;Black series;Black;Thematic;A thin transparent film of 8-10 microns.;Black;Thematic;30;Lucky Rose;WD-TF-B-0036;200;;;1,99;USD
Black-0037;460;black_0037;Black series;Black;Mixed;A thin transparent film of 8-10 microns.;Black;Mixed;21;Lucky Rose;WD-TF-B-0037;200;;;1,99;USD
Black-0038;461;black_0038;Black series;Black;Mixed;A thin transparent film of 8-10 microns.;Black;Mixed;30;Lucky Rose;WD-TF-B-0038;200;;;1,99;USD
Black-0039;462;black_0039;Black series;Black;Mixed;A thin transparent film of 8-10 microns.;Black;Mixed;21;Lucky Rose;WD-TF-B-0039;200;;;1,99;USD
Black-0040;463;black_0040;Black series;Black;Floral;A thin transparent film of 8-10 microns.;Black;Floral;30;Lucky Rose;WD-TF-B-0040;200;;;1,99;USD
Black-0041;;black_0041;Black series;Black;Mixed;A thin transparent film of 8-10 microns.;Black;Mixed;30;Lucky Rose;WD-TF-B-0041;200;;;1,99;USD
Black-0042;;black_0042;Black series;Black;Mixed;A thin transparent film of 8-10 microns.;Black;Mixed;30;Lucky Rose;WD-TF-B-0042;200;;;1,99;USD
Black-0043;;black_0043;Black series;Black;Mixed;A thin transparent film of 8-10 microns.;Black;Mixed;21;Lucky Rose;WD-TF-B-0043;200;;;1,99;USD
Black-0044;;black_0044;Black series;Black;Mixed;A thin transparent film of 8-10 microns.;Black;Mixed;21;Lucky Rose;WD-TF-B-0044;200;;;1,99;USD
Black-0045;;black_0045;Black series;Black;Mixed;A thin transparent film of 8-10 microns.;Black;Mixed;30;Lucky Rose;WD-TF-B-0045;200;;;1,99;USD
Black-0046;;black_0046;Black series;Black;Mixed;A thin transparent film of 8-10 microns.;Black;Mixed;21;Lucky Rose;WD-TF-B-0046;200;;;1,99;USD
Black-0047;;black_0047;Black series;Black;Abstraction;A thin transparent film of 8-10 microns.;Black;Abstraction;30;Lucky Rose;WD-TF-B-0047;200;;;1,99;USD
Black-0048;;black_0048;Black series;Black;Mixed;A thin transparent film of 8-10 microns.;Black;Mixed;30;Lucky Rose;WD-TF-B-0048;200;;;1,99;USD
Black-0049;;black_0049;Black series;Black;Flowers;A thin transparent film of 8-10 microns.;Black;Flowers;30;Lucky Rose;WD-TF-B-0049;200;;;1,99;USD
Black-0050;;black_0050;Black series;Black;Mixed;A thin transparent film of 8-10 microns.;Black;Mixed;30;Lucky Rose;WD-TF-B-0050;200;;;1,99;USD
Black-0051;;black_0051;Black series;Black;Mixed;A thin transparent film of 8-10 microns.;Black;Mixed;30;Lucky Rose;WD-TF-B-0051;200;;;1,99;USD
Black-0052;;black_0052;Black series;Black;Mixed;A thin transparent film of 8-10 microns.;Black;Mixed;30;Lucky Rose;WD-TF-B-0052;200;;;1,99;USD
Black-0053;;black_0053;Black series;Black;Mixed;A thin transparent film of 8-10 microns.;Black;Mixed;30;Lucky Rose;WD-TF-B-0053;200;;;1,99;USD
Black-0054;;black_0054;Black series;Black;Mixed;A thin transparent film of 8-10 microns.;Black;Mixed;30;Lucky Rose;WD-TF-B-0054;200;;;1,99;USD
Black-0055;;black_0055;Black series;Black;Mixed;A thin transparent film of 8-10 microns.;Black;Mixed;30;Lucky Rose;WD-TF-B-0055;200;;;1,99;USD
Black-0056;;black_0056;Black series;Black;Mixed;A thin transparent film of 8-10 microns.;Black;Mixed;21;Lucky Rose;WD-TF-B-0056;200;;;1,99;USD
Black-0057;;black_0057;Black series;Black;Mixed;A thin transparent film of 8-10 microns.;Black;Mixed;30;Lucky Rose;WD-TF-B-0057;200;;;1,99;USD
Black-0058;;black_0058;Black series;Black;Seosons;A thin transparent film of 8-10 microns.;Black;Seosons;30;Lucky Rose;WD-TF-B-0058;200;;;1,99;USD
Black-0059;;black_0059;Black series;Black;Mixed;A thin transparent film of 8-10 microns.;Black;Mixed;30;Lucky Rose;WD-TF-B-0059;200;;;1,99;USD
Black-0060;;black_0060;Black series;Black;Inscriptions;A thin transparent film of 8-10 microns.;Black;Inscriptions;30;Lucky Rose;WD-TF-B-0060;200;;;1,99;USD
Black-0061;;black_0061;Black series;Black;Mixed;A thin transparent film of 8-10 microns.;Black;Mixed;21;Lucky Rose;WD-TF-B-0061;200;;;1,99;USD
Black-0062;;black_0062;Black series;Black;Seosons;A thin transparent film of 8-10 microns.;Black;Seosons;30;Lucky Rose;WD-TF-B-0062;200;;;1,99;USD
Coloring-0001;106;coloring_0001;Stencils;Black;Heroes;A thin transparent film of 8-10 microns.;Coloring;Heroes;14;Lucky Rose;WD-TF-C-0001;200;;;1,99;USD
Coloring-0002;107;coloring_0002;Stencils;Black;Heroes;A thin transparent film of 8-10 microns.;Coloring;Heroes;14;Lucky Rose;WD-TF-C-0002;200;;;1,99;USD
Coloring-0003;108;coloring_0003;Stencils;Black;Pattern;A thin transparent film of 8-10 microns.;Coloring;Pattern;14;Lucky Rose;WD-TF-C-0003;200;;;1,99;USD
Coloring-0004;109;coloring_0004;Stencils;Black;Fruits;A thin transparent film of 8-10 microns.;Coloring;Fruits;14;Lucky Rose;WD-TF-C-0004;200;;;1,99;USD
Coloring-0005;110;coloring_0005;Stencils;Black;Floral;A thin transparent film of 8-10 microns.;Coloring;Floral;14;Lucky Rose;WD-TF-C-0005;200;;;1,99;USD
Coloring-0006;111;coloring_0006;Stencils;Black;Butterfly;A thin transparent film of 8-10 microns.;Coloring;Butterfly;14;Lucky Rose;WD-TF-C-0006;200;;;1,99;USD
Coloring-0007;112;coloring_0007;Stencils;Black;Geometry;A thin transparent film of 8-10 microns.;Coloring;Geometry;14;Lucky Rose;WD-TF-C-0007;200;;;1,99;USD
Coloring-0008;434;coloring_0008;Stencils;Black;Heroes;A thin transparent film of 8-10 microns.;Coloring;Heroes;14;Lucky Rose;WD-TF-C-0008;200;;;1,99;USD
Coloring-0009;435;coloring_0009;Stencils;Black;Pattern;A thin transparent film of 8-10 microns.;Coloring;Pattern;14;Lucky Rose;WD-TF-C-0009;200;;;1,99;USD
Coloring-0010;436;coloring_0010;Stencils;Black;Heroes;A thin transparent film of 8-10 microns.;Coloring;Heroes;14;Lucky Rose;WD-TF-C-0010;200;;;1,99;USD
Coloring-0011;437;coloring_0011;Stencils;Black;Heroes;A thin transparent film of 8-10 microns.;Coloring;Heroes;14;Lucky Rose;WD-TF-C-0011;200;;;1,99;USD
Coloring-0012;438;coloring_0012;Stencils;Black;Heroes;A thin transparent film of 8-10 microns.;Coloring;Heroes;14;Lucky Rose;WD-TF-C-0012;200;;;1,99;USD
Coloring-0013;439;coloring_0013;Stencils;Black;Heroes;A thin transparent film of 8-10 microns.;Coloring;Heroes;14;Lucky Rose;WD-TF-C-0013;200;;;1,99;USD
Coloring-0014;440;coloring_0014;Stencils;Black;Others;A thin transparent film of 8-10 microns.;Coloring;Others;14;Lucky Rose;WD-TF-C-0014;200;;;1,99;USD
Coloring-0015;441;coloring_0015;Stencils;Black;Others;A thin transparent film of 8-10 microns.;Coloring;Others;14;Lucky Rose;WD-TF-C-0015;200;;;1,99;USD
Coloring-0016;442;coloring_0016;Stencils;Black;Heroes;A thin transparent film of 8-10 microns.;Coloring;Heroes;14;Lucky Rose;WD-TF-C-0016;200;;;1,99;USD
Coloring-0017;443;coloring_0017;Stencils;Black;Heroes;A thin transparent film of 8-10 microns.;Coloring;Heroes;14;Lucky Rose;WD-TF-C-0017;200;;;1,99;USD
Coloring-0018;444;coloring_0018;Stencils;Black;Heroes;A thin transparent film of 8-10 microns.;Coloring;Heroes;14;Lucky Rose;WD-TF-C-0018;200;;;1,99;USD
Coloring-0019;445;coloring_0019;Stencils;Black;Heroes;A thin transparent film of 8-10 microns.;Coloring;Heroes;14;Lucky Rose;WD-TF-C-0019;200;;;1,99;USD
Coloring-0020;446;coloring_0020;Stencils;Black;Heroes;A thin transparent film of 8-10 microns.;Coloring;Heroes;14;Lucky Rose;WD-TF-C-0020;200;;;1,99;USD
Coloring-0021;447;coloring_0021;Stencils;Black;Heroes;A thin transparent film of 8-10 microns.;Coloring;Heroes;14;Lucky Rose;WD-TF-C-0021;200;;;1,99;USD
Coloring-0022;448;coloring_0022;Stencils;Black;Heroes;A thin transparent film of 8-10 microns.;Coloring;Heroes;14;Lucky Rose;WD-TF-C-0022;200;;;1,99;USD
Coloring-0023;449;coloring_0023;Stencils;Black;Heroes;A thin transparent film of 8-10 microns.;Coloring;Heroes;14;Lucky Rose;WD-TF-C-0023;200;;;1,99;USD
Coloring-0024;450;coloring_0024;Stencils;Black;Heroes;A thin transparent film of 8-10 microns.;Coloring;Heroes;14;Lucky Rose;WD-TF-C-0024;200;;;1,99;USD
Coloring-0025;451;coloring_0025;Stencils;Black;Heroes;A thin transparent film of 8-10 microns.;Coloring;Heroes;14;Lucky Rose;WD-TF-C-0025;200;;;1,99;USD
F-0001;50;F_0001;F series;Colorful;Chabby Chic;A thin transparent film of 8-10 microns.;F;Chabby Chic;14;Lucky Rose;WD-TF-F-0001;200;;;1,99;USD
F-0002;51;F_0002;F series;Colorful;Chabby Chic;A thin transparent film of 8-10 microns.;F;Chabby Chic;14;Lucky Rose;WD-TF-F-0002;200;;;1,99;USD
F-0003;52;F_0003;F series;Colorful;Chabby Chic;A thin transparent film of 8-10 microns.;F;Chabby Chic;14;Lucky Rose;WD-TF-F-0003;200;;;1,99;USD
F-0004;53;F_0004;F series;Colorful;Flowers;A thin transparent film of 8-10 microns.;F;Flowers;14;Lucky Rose;WD-TF-F-0004;200;;;1,99;USD
F-0005;54;F_0005;F series;Colorful;Flowers;A thin transparent film of 8-10 microns.;F;Flowers;14;Lucky Rose;WD-TF-F-0005;200;;;1,99;USD
F-0006;55;F_0006;F series;Colorful;Thematic;A thin transparent film of 8-10 microns.;F;Thematic;14;Lucky Rose;WD-TF-F-0006;200;;;1,99;USD
F-0007;56;F_0007;F series;Colorful;Thematic;A thin transparent film of 8-10 microns.;F;Thematic;14;Lucky Rose;WD-TF-F-0007;200;;;1,99;USD
F-0008;171;F_0008;F series;Colorful;Thematic;A thin transparent film of 8-10 microns.;F;Thematic;14;Lucky Rose;WD-TF-F-0008;200;;;1,99;USD
F-0009;173;F_0009;F series;Colorful;Thematic;A thin transparent film of 8-10 microns.;F;Thematic;14;Lucky Rose;WD-TF-F-0009;200;;;1,99;USD
F-0010;174;F_0010;F series;Colorful;Lace;A thin transparent film of 8-10 microns.;F;Lace;14;Lucky Rose;WD-TF-F-0010;200;;;1,99;USD
F-0011;175;F_0011;F series;Colorful;Thematic;A thin transparent film of 8-10 microns.;F;Thematic;14;Lucky Rose;WD-TF-F-0011;200;;;1,99;USD
F-0012;176;F_0012;F series;Colorful;Inscriptions;A thin transparent film of 8-10 microns.;F;Inscriptions;14;Lucky Rose;WD-TF-F-0012;200;;;1,99;USD
F-0013;177;F_0013;F series;Colorful;Flowers;A thin transparent film of 8-10 microns.;F;Flowers;14;Lucky Rose;WD-TF-F-0013;200;;;1,99;USD
F-0014;178;F_0014;F series;Colorful;Flowers;A thin transparent film of 8-10 microns.;F;Flowers;14;Lucky Rose;WD-TF-F-0014;200;;;1,99;USD
F-0015;179;F_0015;F series;Colorful;Flowers;A thin transparent film of 8-10 microns.;F;Flowers;14;Lucky Rose;WD-TF-F-0015;200;;;1,99;USD
F-0016;180;F_0016;F series;Colorful;Pattern;A thin transparent film of 8-10 microns.;F;Pattern;14;Lucky Rose;WD-TF-F-0016;200;;;1,99;USD
F-0017;181;F_0017;F series;Colorful;Thematic;A thin transparent film of 8-10 microns.;F;Thematic;14;Lucky Rose;WD-TF-F-0017;200;;;1,99;USD
F-0018;182;F_0018;F series;Colorful;Flowers;A thin transparent film of 8-10 microns.;F;Flowers;14;Lucky Rose;WD-TF-F-0018;200;;;1,99;USD
F-0019;183;F_0019;F series;Colorful;Pattern;A thin transparent film of 8-10 microns.;F;Pattern;14;Lucky Rose;WD-TF-F-0019;200;;;1,99;USD
F-0020;184;F_0020;F series;Colorful;Pattern;A thin transparent film of 8-10 microns.;F;Pattern;14;Lucky Rose;WD-TF-F-0020;200;;;1,99;USD
F-0021;185;F_0021;F series;Colorful;Pattern;A thin transparent film of 8-10 microns.;F;Pattern;14;Lucky Rose;WD-TF-F-0021;200;;;1,99;USD
F-0022;186;F_0022;F series;Colorful;Pattern;A thin transparent film of 8-10 microns.;F;Pattern;14;Lucky Rose;WD-TF-F-0022;200;;;1,99;USD
F-0023;187;F_0023;F series;Colorful;People;A thin transparent film of 8-10 microns.;F;People;14;Lucky Rose;WD-TF-F-0023;200;;;1,99;USD
F-0024;188;F_0024;F series;Colorful;Mixed;A thin transparent film of 8-10 microns.;F;Mixed;21;Lucky Rose;WD-TF-F-0024;200;;;1,99;USD
F-0025;189;F_0025;F series;Colorful;Fruits;A thin transparent film of 8-10 microns.;F;Fruits;14;Lucky Rose;WD-TF-F-0025;200;;;1,99;USD
F-0026;190;F_0026;F series;Colorful;Flowers;A thin transparent film of 8-10 microns.;F;Flowers;14;Lucky Rose;WD-TF-F-0026;200;;;1,99;USD
F-0027;191;F_0027;F series;Colorful;Butterfly;A thin transparent film of 8-10 microns.;F;Butterfly;14;Lucky Rose;WD-TF-F-0027;200;;;1,99;USD
F-0028;192;F_0028;F series;Colorful;Animals;A thin transparent film of 8-10 microns.;F;Animals;14;Lucky Rose;WD-TF-F-0028;200;;;1,99;USD
F-0029;193;F_0029;F series;Colorful;Pattern;A thin transparent film of 8-10 microns.;F;Pattern;14;Lucky Rose;WD-TF-F-0029;200;;;1,99;USD
F-0030;194;F_0030;F series;Colorful;Flowers;A thin transparent film of 8-10 microns.;F;Flowers;14;Lucky Rose;WD-TF-F-0030;200;;;1,99;USD
F-0031;195;F_0031;F series;Colorful;Mixed;A thin transparent film of 8-10 microns.;F;Mixed;14;Lucky Rose;WD-TF-F-0031;200;;;1,99;USD
F-0032;196;F_0032;F series;Colorful;Lace;A thin transparent film of 8-10 microns.;F;Lace;14;Lucky Rose;WD-TF-F-0032;200;;;1,99;USD
F-0033;197;F_0033;F series;Colorful;Others;A thin transparent film of 8-10 microns.;F;Others;21;Lucky Rose;WD-TF-F-0033;200;;;1,99;USD
F-0034;198;F_0034;F series;Colorful;Others;A thin transparent film of 8-10 microns.;F;Others;14;Lucky Rose;WD-TF-F-0034;200;;;1,99;USD
F-0035;199;F_0035;F series;Colorful;Others;A thin transparent film of 8-10 microns.;F;Others;14;Lucky Rose;WD-TF-F-0035;200;;;1,99;USD
F-0036;200;F_0036;F series;Colorful;Animals;A thin transparent film of 8-10 microns.;F;Animals;21;Lucky Rose;WD-TF-F-0036;200;;;1,99;USD
F-0037;201;F_0037;F series;Colorful;Flowers;A thin transparent film of 8-10 microns.;F;Flowers;21;Lucky Rose;WD-TF-F-0037;200;;;1,99;USD
F-0038;202;F_0038;F series;Colorful;Abstraction;A thin transparent film of 8-10 microns.;F;Abstraction;14;Lucky Rose;WD-TF-F-0038;200;;;1,99;USD
F-0039;203;F_0039;F series;Colorful;Flowers;A thin transparent film of 8-10 microns.;F;Flowers;14;Lucky Rose;WD-TF-F-0039;200;;;1,99;USD
F-0040;204;F_0040;F series;Colorful;Pattern;A thin transparent film of 8-10 microns.;F;Pattern;14;Lucky Rose;WD-TF-F-0040;200;;;1,99;USD
F-0041;205;F_0041;F series;Colorful;Others;A thin transparent film of 8-10 microns.;F;Others;14;Lucky Rose;WD-TF-F-0041;200;;;1,99;USD
F-0042;206;F_0042;F series;Colorful;Abstraction;A thin transparent film of 8-10 microns.;F;Abstraction;14;Lucky Rose;WD-TF-F-0042;200;;;1,99;USD
F-0043;207;F_0043;F series;Colorful;Mixed;A thin transparent film of 8-10 microns.;F;Mixed;14;Lucky Rose;WD-TF-F-0043;200;;;1,99;USD
F-0044;208;F_0044;F series;Colorful;Pattern;A thin transparent film of 8-10 microns.;F;Pattern;14;Lucky Rose;WD-TF-F-0044;200;;;1,99;USD
F-0045;209;F_0045;F series;Colorful;Flowers;A thin transparent film of 8-10 microns.;F;Flowers;14;Lucky Rose;WD-TF-F-0045;200;;;1,99;USD
F-0046;210;F_0046;F series;Colorful;Flowers;A thin transparent film of 8-10 microns.;F;Flowers;14;Lucky Rose;WD-TF-F-0046;200;;;1,99;USD
F-0047;211;F_0047;F series;Colorful;Animals;A thin transparent film of 8-10 microns.;F;Animals;14;Lucky Rose;WD-TF-F-0047;200;;;1,99;USD
F-0048;212;F_0048;F series;Colorful;Flowers;A thin transparent film of 8-10 microns.;F;Flowers;14;Lucky Rose;WD-TF-F-0048;200;;;1,99;USD
F-0049;213;F_0049;F series;Colorful;Flowers;A thin transparent film of 8-10 microns.;F;Flowers;14;Lucky Rose;WD-TF-F-0049;200;;;1,99;USD
F-0050;214;F_0050;F series;Colorful;Flowers;A thin transparent film of 8-10 microns.;F;Flowers;14;Lucky Rose;WD-TF-F-0050;200;;;1,99;USD
F-0051;215;F_0051;F series;Colorful;Pattern;A thin transparent film of 8-10 microns.;F;Pattern;14;Lucky Rose;WD-TF-F-0051;200;;;1,99;USD
F-0052;216;F_0052;F series;Colorful;Chabby Chic;A thin transparent film of 8-10 microns.;F;Chabby Chic;14;Lucky Rose;WD-TF-F-0052;200;;;1,99;USD
F-0053;217;F_0053;F series;Colorful;Mixed;A thin transparent film of 8-10 microns.;F;Mixed;21;Lucky Rose;WD-TF-F-0053;200;;;1,99;USD
F-0054;218;F_0054;F series;Colorful;Animals;A thin transparent film of 8-10 microns.;F;Animals;14;Lucky Rose;WD-TF-F-0054;200;;;1,99;USD
F-0055;219;F_0055;F series;Colorful;Chabby Chic;A thin transparent film of 8-10 microns.;F;Chabby Chic;14;Lucky Rose;WD-TF-F-0055;200;;;1,99;USD
F-0056;220;F_0056;F series;Colorful;Animals;A thin transparent film of 8-10 microns.;F;Animals;21;Lucky Rose;WD-TF-F-0056;200;;;1,99;USD
F-0057;221;F_0057;F series;Colorful;Flowers;A thin transparent film of 8-10 microns.;F;Flowers;14;Lucky Rose;WD-TF-F-0057;200;;;1,99;USD
F-0058;222;F_0058;F series;Colorful;Heroes;A thin transparent film of 8-10 microns.;F;Heroes;14;Lucky Rose;WD-TF-F-0058;200;;;1,99;USD
F-0059;223;F_0059;F series;Colorful;Flowers;A thin transparent film of 8-10 microns.;F;Flowers;14;Lucky Rose;WD-TF-F-0059;200;;;1,99;USD
F-0060;224;F_0060;F series;Colorful;Others;A thin transparent film of 8-10 microns.;F;Others;14;Lucky Rose;WD-TF-F-0060;200;;;1,99;USD
F-0061;225;F_0061;F series;Colorful;Pattern;A thin transparent film of 8-10 microns.;F;Pattern;14;Lucky Rose;WD-TF-F-0061;200;;;1,99;USD
F-0062;226;F_0062;F series;Colorful;Pattern;A thin transparent film of 8-10 microns.;F;Pattern;14;Lucky Rose;WD-TF-F-0062;200;;;1,99;USD
F-0063;227;F_0063;F series;Colorful;Pattern;A thin transparent film of 8-10 microns.;F;Pattern;14;Lucky Rose;WD-TF-F-0063;200;;;1,99;USD
F-0064;228;F_0064;F series;Colorful;Mixed;A thin transparent film of 8-10 microns.;F;Mixed;14;Lucky Rose;WD-TF-F-0064;200;;;1,99;USD
F-0065;229;F_0065;F series;Colorful;Others;A thin transparent film of 8-10 microns.;F;Others;14;Lucky Rose;WD-TF-F-0065;200;;;1,99;USD
F-0066;230;F_0066;F series;Colorful;Others;A thin transparent film of 8-10 microns.;F;Others;14;Lucky Rose;WD-TF-F-0066;200;;;1,99;USD
F-0067;231;F_0067;F series;Colorful;Abstraction;A thin transparent film of 8-10 microns.;F;Abstraction;14;Lucky Rose;WD-TF-F-0067;200;;;1,99;USD
F-0068;232;F_0068;F series;Colorful;Mixed;A thin transparent film of 8-10 microns.;F;Mixed;14;Lucky Rose;WD-TF-F-0068;200;;;1,99;USD
F-0069;233;F_0069;F series;Colorful;Lace;A thin transparent film of 8-10 microns.;F;Lace;14;Lucky Rose;WD-TF-F-0069;200;;;1,99;USD
F-0070;234;F_0070;F series;Colorful;Flowers;A thin transparent film of 8-10 microns.;F;Flowers;14;Lucky Rose;WD-TF-F-0070;200;;;1,99;USD
F-0071;235;F_0071;F series;Colorful;People;A thin transparent film of 8-10 microns.;F;People;14;Lucky Rose;WD-TF-F-0071;200;;;1,99;USD
F-0072;236;F_0072;F series;Colorful;Flowers;A thin transparent film of 8-10 microns.;F;Flowers;14;Lucky Rose;WD-TF-F-0072;200;;;1,99;USD
F-0073;237;F_0073;F series;Colorful;Mixed;A thin transparent film of 8-10 microns.;F;Mixed;21;Lucky Rose;WD-TF-F-0073;200;;;1,99;USD
F-0074;238;F_0074;F series;Colorful;Heroes;A thin transparent film of 8-10 microns.;F;Heroes;21;Lucky Rose;WD-TF-F-0074;200;;;1,99;USD
F-0075;239;F_0075;F series;Colorful;Animals;A thin transparent film of 8-10 microns.;F;Animals;30;Lucky Rose;WD-TF-F-0075;200;;;1,99;USD
F-0076;240;F_0076;F series;Colorful;Animals;A thin transparent film of 8-10 microns.;F;Animals;30;Lucky Rose;WD-TF-F-0076;200;;;1,99;USD
F-0077;241;F_0077;F series;Colorful;Mixed;A thin transparent film of 8-10 microns.;F;Mixed;21;Lucky Rose;WD-TF-F-0077;200;;;1,99;USD
F-0078;242;F_0078;F series;Colorful;Animals;A thin transparent film of 8-10 microns.;F;Animals;21;Lucky Rose;WD-TF-F-0078;200;;;1,99;USD
F-0079;243;F_0079;F series;Colorful;Animals;A thin transparent film of 8-10 microns.;F;Animals;21;Lucky Rose;WD-TF-F-0079;200;;;1,99;USD
F-0080;244;F_0080;F series;Colorful;Animals;A thin transparent film of 8-10 microns.;F;Animals;21;Lucky Rose;WD-TF-F-0080;200;;;1,99;USD
F-0081;245;F_0081;F series;Colorful;Mixed;A thin transparent film of 8-10 microns.;F;Mixed;30;Lucky Rose;WD-TF-F-0081;200;;;1,99;USD
F-0082;246;F_0082;F series;Colorful;Animals;A thin transparent film of 8-10 microns.;F;Animals;21;Lucky Rose;WD-TF-F-0082;200;;;1,99;USD
F-0083;247;F_0083;F series;Colorful;Mixed;A thin transparent film of 8-10 microns.;F;Mixed;21;Lucky Rose;WD-TF-F-0083;200;;;1,99;USD
F-0084;248;F_0084;F series;Colorful;Mixed;A thin transparent film of 8-10 microns.;F;Mixed;30;Lucky Rose;WD-TF-F-0084;200;;;1,99;USD
F-0085;249;F_0085;F series;Colorful;Mixed;A thin transparent film of 8-10 microns.;F;Mixed;21;Lucky Rose;WD-TF-F-0085;200;;;1,99;USD
F-0086;250;F_0086;F series;Colorful;Butterfly;A thin transparent film of 8-10 microns.;F;Butterfly;14;Lucky Rose;WD-TF-F-0086;200;;;1,99;USD
F-0087;251;F_0087;F series;Colorful;Flowers;A thin transparent film of 8-10 microns.;F;Flowers;14;Lucky Rose;WD-TF-F-0087;200;;;1,99;USD
F-0088;252;F_0088;F series;Colorful;Flowers;A thin transparent film of 8-10 microns.;F;Flowers;14;Lucky Rose;WD-TF-F-0088;200;;;1,99;USD
F-0089;253;F_0089;F series;Colorful;Flowers;A thin transparent film of 8-10 microns.;F;Flowers;14;Lucky Rose;WD-TF-F-0089;200;;;1,99;USD
F-0090;254;F_0090;F series;Colorful;Flowers;A thin transparent film of 8-10 microns.;F;Flowers;14;Lucky Rose;WD-TF-F-0090;200;;;1,99;USD
F-0091;255;F_0091;F series;Colorful;Flowers;A thin transparent film of 8-10 microns.;F;Flowers;14;Lucky Rose;WD-TF-F-0091;200;;;1,99;USD
F-0092;256;F_0092;F series;Colorful;People;A thin transparent film of 8-10 microns.;F;People;14;Lucky Rose;WD-TF-F-0092;200;;;1,99;USD
F-0093;257;F_0093;F series;Colorful;Flowers;A thin transparent film of 8-10 microns.;F;Flowers;14;Lucky Rose;WD-TF-F-0093;200;;;1,99;USD
F-0094;258;F_0094;F series;Colorful;Mixed;A thin transparent film of 8-10 microns.;F;Mixed;14;Lucky Rose;WD-TF-F-0094;200;;;1,99;USD
F-0095;259;F_0095;F series;Colorful;Flowers;A thin transparent film of 8-10 microns.;F;Flowers;14;Lucky Rose;WD-TF-F-0095;200;;;1,99;USD
F-0096;260;F_0096;F series;Colorful;Pattern;A thin transparent film of 8-10 microns.;F;Pattern;14;Lucky Rose;WD-TF-F-0096;200;;;1,99;USD
F-0097;261;F_0097;F series;Colorful;Others;A thin transparent film of 8-10 microns.;F;Others;14;Lucky Rose;WD-TF-F-0097;200;;;1,99;USD
F-0098;262;F_0098;F series;Colorful;Flowers;A thin transparent film of 8-10 microns.;F;Flowers;14;Lucky Rose;WD-TF-F-0098;200;;;1,99;USD
F-0099;263;F_0099;F series;Colorful;Flowers;A thin transparent film of 8-10 microns.;F;Flowers;14;Lucky Rose;WD-TF-F-0099;200;;;1,99;USD
F-0100;264;F_0100;F series;Colorful;Flowers;A thin transparent film of 8-10 microns.;F;Flowers;14;Lucky Rose;WD-TF-F-0100;200;;;1,99;USD
F-0101;265;F_0101;F series;Colorful;Seosons;A thin transparent film of 8-10 microns.;F;Seosons;14;Lucky Rose;WD-TF-F-0101;200;;;1,99;USD
F-0102;266;F_0102;F series;Colorful;Seosons;A thin transparent film of 8-10 microns.;F;Seosons;14;Lucky Rose;WD-TF-F-0102;200;;;1,99;USD
F-0103;267;F_0103;F series;Colorful;Seosons;A thin transparent film of 8-10 microns.;F;Seosons;14;Lucky Rose;WD-TF-F-0103;200;;;1,99;USD
F-0104;268;F_0104;F series;Colorful;Seosons;A thin transparent film of 8-10 microns.;F;Seosons;14;Lucky Rose;WD-TF-F-0104;200;;;1,99;USD
F-0105;269;F_0105;F series;Colorful;Others;A thin transparent film of 8-10 microns.;F;Others;14;Lucky Rose;WD-TF-F-0105;200;;;1,99;USD
F-0106;270;F_0106;F series;Colorful;Flowers;A thin transparent film of 8-10 microns.;F;Flowers;14;Lucky Rose;WD-TF-F-0106;200;;;1,99;USD
F-0107;271;F_0107;F series;Colorful;Flowers;A thin transparent film of 8-10 microns.;F;Flowers;14;Lucky Rose;WD-TF-F-0107;200;;;1,99;USD
F-0108;272;F_0108;F series;Colorful;Pattern;A thin transparent film of 8-10 microns.;F;Pattern;14;Lucky Rose;WD-TF-F-0108;200;;;1,99;USD
F-0109;273;F_0109;F series;Colorful;Animals;A thin transparent film of 8-10 microns.;F;Animals;14;Lucky Rose;WD-TF-F-0109;200;;;1,99;USD
F-0110;274;F_0110;F series;Colorful;Flowers;A thin transparent film of 8-10 microns.;F;Flowers;14;Lucky Rose;WD-TF-F-0110;200;;;1,99;USD
F-0111;275;F_0111;F series;Colorful;Mixed;A thin transparent film of 8-10 microns.;F;Mixed;14;Lucky Rose;WD-TF-F-0111;200;;;1,99;USD
F-0112;276;F_0112;F series;Colorful;Mixed;A thin transparent film of 8-10 microns.;F;Mixed;14;Lucky Rose;WD-TF-F-0112;200;;;1,99;USD
F-0113;277;F_0113;F series;Colorful;Seosons;A thin transparent film of 8-10 microns.;F;Seosons;14;Lucky Rose;WD-TF-F-0113;200;;;1,99;USD
F-0114;278;F_0114;F series;Colorful;Seosons;A thin transparent film of 8-10 microns.;F;Seosons;14;Lucky Rose;WD-TF-F-0114;200;;;1,99;USD
F-0115;279;F_0115;F series;Colorful;Mixed;A thin transparent film of 8-10 microns.;F;Mixed;14;Lucky Rose;WD-TF-F-0115;200;;;1,99;USD
F-0116;280;F_0116;F series;Colorful;Mixed;A thin transparent film of 8-10 microns.;F;Mixed;14;Lucky Rose;WD-TF-F-0116;200;;;1,99;USD
F-0117;281;F_0117;F series;Colorful;Geometry;A thin transparent film of 8-10 microns.;F;Geometry;30;Lucky Rose;WD-TF-F-0117;200;;;1,99;USD
F-0118;282;F_0118;F series;Colorful;Animals;A thin transparent film of 8-10 microns.;F;Animals;21;Lucky Rose;WD-TF-F-0118;200;;;1,99;USD
F-0119;283;F_0119;F series;Colorful;Animals;A thin transparent film of 8-10 microns.;F;Animals;30;Lucky Rose;WD-TF-F-0119;200;;;1,99;USD
F-0120;284;F_0120;F series;Colorful;Flowers;A thin transparent film of 8-10 microns.;F;Flowers;14;Lucky Rose;WD-TF-F-0120;200;;;1,99;USD
F-0121;285;F_0121;F series;Colorful;Flowers;A thin transparent film of 8-10 microns.;F;Flowers;14;Lucky Rose;WD-TF-F-0121;200;;;1,99;USD
F-0122;286;F_0122;F series;Colorful;Thematic;A thin transparent film of 8-10 microns.;F;Thematic;14;Lucky Rose;WD-TF-F-0122;200;;;1,99;USD
F-0123;287;F_0123;F series;Colorful;Flowers;A thin transparent film of 8-10 microns.;F;Flowers;14;Lucky Rose;WD-TF-F-0123;200;;;1,99;USD
F-0124;288;F_0124;F series;Colorful;Butterfly;A thin transparent film of 8-10 microns.;F;Butterfly;14;Lucky Rose;WD-TF-F-0124;200;;;1,99;USD
F-0125;289;F_0125;F series;Colorful;Mixed;A thin transparent film of 8-10 microns.;F;Mixed;14;Lucky Rose;WD-TF-F-0125;200;;;1,99;USD
F-0126;290;F_0126;F series;Colorful;Flowers;A thin transparent film of 8-10 microns.;F;Flowers;14;Lucky Rose;WD-TF-F-0126;200;;;1,99;USD
F-0127;291;F_0127;F series;Colorful;Animals;A thin transparent film of 8-10 microns.;F;Animals;21;Lucky Rose;WD-TF-F-0127;200;;;1,99;USD
F-0128;292;F_0128;F series;Colorful;Flowers;A thin transparent film of 8-10 microns.;F;Flowers;14;Lucky Rose;WD-TF-F-0128;200;;;1,99;USD
F-0129;293;F_0129;F series;Colorful;Flowers;A thin transparent film of 8-10 microns.;F;Flowers;14;Lucky Rose;WD-TF-F-0129;200;;;1,99;USD
F-0130;294;F_0130;F series;Colorful;Flowers;A thin transparent film of 8-10 microns.;F;Flowers;14;Lucky Rose;WD-TF-F-0130;200;;;1,99;USD
F-0131;295;F_0131;F series;Colorful;Others;A thin transparent film of 8-10 microns.;F;Others;14;Lucky Rose;WD-TF-F-0131;200;;;1,99;USD
F-0132;296;F_0132;F series;Colorful;Others;A thin transparent film of 8-10 microns.;F;Others;14;Lucky Rose;WD-TF-F-0132;200;;;1,99;USD
F-0133;297;F_0133;F series;Colorful;Inscriptions;A thin transparent film of 8-10 microns.;F;Inscriptions;21;Lucky Rose;WD-TF-F-0133;200;;;1,99;USD
F-0134;298;F_0134;F series;Colorful;Geometry;A thin transparent film of 8-10 microns.;F;Geometry;30;Lucky Rose;WD-TF-F-0134;200;;;1,99;USD
F-0135;299;F_0135;F series;Colorful;Mixed;A thin transparent film of 8-10 microns.;F;Mixed;21;Lucky Rose;WD-TF-F-0135;200;;;1,99;USD
F-0136;300;F_0136;F series;Colorful;Animals;A thin transparent film of 8-10 microns.;F;Animals;21;Lucky Rose;WD-TF-F-0136;200;;;1,99;USD
F-0137;301;F_0137;F series;Colorful;Fruits;A thin transparent film of 8-10 microns.;F;Fruits;14;Lucky Rose;WD-TF-F-0137;200;;;1,99;USD
F-0138;302;F_0138;F series;Colorful;Fruits;A thin transparent film of 8-10 microns.;F;Fruits;30;Lucky Rose;WD-TF-F-0138;200;;;1,99;USD
F-0139;303;F_0139;F series;Colorful;Flowers;A thin transparent film of 8-10 microns.;F;Flowers;14;Lucky Rose;WD-TF-F-0139;200;;;1,99;USD
F-0140;304;F_0140;F series;Colorful;Flowers;A thin transparent film of 8-10 microns.;F;Flowers;14;Lucky Rose;WD-TF-F-0140;200;;;1,99;USD
F-0141;305;F_0141;F series;Colorful;Animals;A thin transparent film of 8-10 microns.;F;Animals;21;Lucky Rose;WD-TF-F-0141;200;;;1,99;USD
F-0142;306;F_0142;F series;Colorful;Mixed;A thin transparent film of 8-10 microns.;F;Mixed;21;Lucky Rose;WD-TF-F-0142;200;;;1,99;USD
F-0143;307;F_0143;F series;Colorful;Mixed;A thin transparent film of 8-10 microns.;F;Mixed;21;Lucky Rose;WD-TF-F-0143;200;;;1,99;USD
F-0144;308;F_0144;F series;Colorful;Mixed;A thin transparent film of 8-10 microns.;F;Mixed;21;Lucky Rose;WD-TF-F-0144;200;;;1,99;USD
F-0145;309;F_0145;F series;Colorful;Animals;A thin transparent film of 8-10 microns.;F;Animals;21;Lucky Rose;WD-TF-F-0145;200;;;1,99;USD
F-0146;310;F_0146;F series;Colorful;Others;A thin transparent film of 8-10 microns.;F;Others;30;Lucky Rose;WD-TF-F-0146;200;;;1,99;USD
F-0147;311;F_0147;F series;Colorful;Mixed;A thin transparent film of 8-10 microns.;F;Mixed;21;Lucky Rose;WD-TF-F-0147;200;;;1,99;USD
F-0148;312;F_0148;F series;Colorful;Flowers;A thin transparent film of 8-10 microns.;F;Flowers;30;Lucky Rose;WD-TF-F-0148;200;;;1,99;USD
F-0149;313;F_0149;F series;Colorful;Flowers;A thin transparent film of 8-10 microns.;F;Flowers;14;Lucky Rose;WD-TF-F-0149;200;;;1,99;USD
F-0150;314;F_0150;F series;;Flowers;A thin transparent film of 8-10 microns.;F;Flowers;14;Lucky Rose;WD-TF-F-0150;200;;;1,99;USD
F-0151;315;F_0151;F series;Colorful;Animals;A thin transparent film of 8-10 microns.;F;Animals;21;Lucky Rose;WD-TF-F-0151;200;;;1,99;USD
F-0152;316;F_0152;F series;;Mixed;A thin transparent film of 8-10 microns.;F;Mixed;30;Lucky Rose;WD-TF-F-0152;200;;;1,99;USD
F-0153;317;F_0153;F series;Colorful;Flowers;A thin transparent film of 8-10 microns.;F;Flowers;30;Lucky Rose;WD-TF-F-0153;200;;;1,99;USD
F-0154;318;F_0154;F series;Colorful;Heroes;A thin transparent film of 8-10 microns.;F;Heroes;21;Lucky Rose;WD-TF-F-0154;200;;;1,99;USD
F-0155;319;F_0155;F series;Colorful;Mixed;A thin transparent film of 8-10 microns.;F;Mixed;30;Lucky Rose;WD-TF-F-0155;200;;;1,99;USD
F-0156;320;F_0156;F series;Colorful;Mixed;A thin transparent film of 8-10 microns.;F;Mixed;21;Lucky Rose;WD-TF-F-0156;200;;;1,99;USD
F-0157;321;F_0157;F series;Colorful;Seosons;A thin transparent film of 8-10 microns.;F;Seosons;14;Lucky Rose;WD-TF-F-0157;200;;;1,99;USD
F-0158;322;F_0158;F series;Colorful;Seosons;A thin transparent film of 8-10 microns.;F;Seosons;14;Lucky Rose;WD-TF-F-0158;200;;;1,99;USD
F-0159;323;F_0159;F series;Colorful;People;A thin transparent film of 8-10 microns.;F;People;14;Lucky Rose;WD-TF-F-0159;200;;;1,99;USD
F-0160;324;F_0160;F series;Colorful;Seosons;A thin transparent film of 8-10 microns.;F;Seosons;14;Lucky Rose;WD-TF-F-0160;200;;;1,99;USD
F-0161;325;F_0161;F series;Colorful;Flowers;A thin transparent film of 8-10 microns.;F;Flowers;14;Lucky Rose;WD-TF-F-0161;200;;;1,99;USD
F-0162;326;F_0162;F series;Colorful;Others;A thin transparent film of 8-10 microns.;F;Others;14;Lucky Rose;WD-TF-F-0162;200;;;1,99;USD
F-0163;327;F_0163;F series;Colorful;Inscriptions;A thin transparent film of 8-10 microns.;F;Inscriptions;14;Lucky Rose;WD-TF-F-0163;200;;;1,99;USD
F-0164;328;F_0164;F series;Colorful;Mixed;A thin transparent film of 8-10 microns.;F;Mixed;30;Lucky Rose;WD-TF-F-0164;200;;;1,99;USD
F-0165;329;F_0165;F series;Colorful;Mixed;A thin transparent film of 8-10 microns.;F;Mixed;14;Lucky Rose;WD-TF-F-0165;200;;;1,99;USD
F-0166;330;F_0166;F series;Colorful;Mixed;A thin transparent film of 8-10 microns.;F;Mixed;30;Lucky Rose;WD-TF-F-0166;200;;;1,99;USD
F-0167;331;F_0167;F series;Colorful;Flowers;A thin transparent film of 8-10 microns.;F;Flowers;14;Lucky Rose;WD-TF-F-0167;200;;;1,99;USD
F-0168;332;F_0168;F series;Colorful;Flowers;A thin transparent film of 8-10 microns.;F;Flowers;14;Lucky Rose;WD-TF-F-0168;200;;;1,99;USD
F-0169;333;F_0169;F series;Colorful;Flowers;A thin transparent film of 8-10 microns.;F;Flowers;14;Lucky Rose;WD-TF-F-0169;200;;;1,99;USD
F-0170;334;F_0170;F series;Colorful;Animals;A thin transparent film of 8-10 microns.;F;Animals;14;Lucky Rose;WD-TF-F-0170;200;;;1,99;USD
F-0171;335;F_0171;F series;Colorful;Geometry;A thin transparent film of 8-10 microns.;F;Geometry;14;Lucky Rose;WD-TF-F-0171;200;;;1,99;USD
F-0172;336;F_0172;F series;Colorful;Mixed;A thin transparent film of 8-10 microns.;F;Mixed;14;Lucky Rose;WD-TF-F-0172;200;;;1,99;USD
F-0173;337;F_0173;F series;Colorful;People;A thin transparent film of 8-10 microns.;F;People;14;Lucky Rose;WD-TF-F-0173;200;;;1,99;USD
F-0174;338;F_0174;F series;Colorful;Geometry;A thin transparent film of 8-10 microns.;F;Geometry;30;Lucky Rose;WD-TF-F-0174;200;;;1,99;USD
F-0175;339;F_0175;F series;Colorful;Flowers;A thin transparent film of 8-10 microns.;F;Flowers;14;Lucky Rose;WD-TF-F-0175;200;;;1,99;USD
F-0176;340;F_0176;F series;Colorful;Flowers;A thin transparent film of 8-10 microns.;F;Flowers;14;Lucky Rose;WD-TF-F-0176;200;;;1,99;USD
F-0177;341;F_0177;F series;Colorful;Others;A thin transparent film of 8-10 microns.;F;Others;14;Lucky Rose;WD-TF-F-0177;200;;;1,99;USD
F-0178;342;F_0178;F series;Colorful;Animals;A thin transparent film of 8-10 microns.;F;Animals;14;Lucky Rose;WD-TF-F-0178;200;;;1,99;USD
F-0179;343;F_0179;F series;Colorful;Animals;A thin transparent film of 8-10 microns.;F;Animals;14;Lucky Rose;WD-TF-F-0179;200;;;1,99;USD
F-0180;344;F_0180;F series;Colorful;Geometry;A thin transparent film of 8-10 microns.;F;Geometry;21;Lucky Rose;WD-TF-F-0180;200;;;1,99;USD
F-0181;345;F_0181;F series;Colorful;Mixed;A thin transparent film of 8-10 microns.;F;Mixed;30;Lucky Rose;WD-TF-F-0181;200;;;1,99;USD
F-0182;346;F_0182;F series;Colorful;Flowers;A thin transparent film of 8-10 microns.;F;Flowers;30;Lucky Rose;WD-TF-F-0182;200;;;1,99;USD
F-0183;347;F_0183;F series;Colorful;Heroes;A thin transparent film of 8-10 microns.;F;Heroes;30;Lucky Rose;WD-TF-F-0183;200;;;1,99;USD
F-0184;348;F_0184;F series;Colorful;Flowers;A thin transparent film of 8-10 microns.;F;Flowers;14;Lucky Rose;WD-TF-F-0184;200;;;1,99;USD
F-0185;349;F_0185;F series;Colorful;Flowers;A thin transparent film of 8-10 microns.;F;Flowers;14;Lucky Rose;WD-TF-F-0185;200;;;1,99;USD
F-0186;350;F_0186;F series;Colorful;Flowers;A thin transparent film of 8-10 microns.;F;Flowers;14;Lucky Rose;WD-TF-F-0186;200;;;1,99;USD
F-0187;452;F_0187;F series;Colorful;Mixed;A thin transparent film of 8-10 microns.;F;Mixed;14;Lucky Rose;WD-TF-F-0187;200;;;1,99;USD
F-0188;453;F_0188;F series;Colorful;Flowers;A thin transparent film of 8-10 microns.;F;Flowers;21;Lucky Rose;WD-TF-F-0188;200;;;1,99;USD
F-0189;454;F_0189;F series;Colorful;Mixed;A thin transparent film of 8-10 microns.;F;Mixed;14;Lucky Rose;WD-TF-F-0189;200;;;1,99;USD
F-0190;455;F_0190;F series;Colorful;Mixed;A thin transparent film of 8-10 microns.;F;Mixed;30;Lucky Rose;WD-TF-F-0190;200;;;1,99;USD
F-0191;456;F_0191;F series;Colorful;Pattern;A thin transparent film of 8-10 microns.;F;Pattern;14;Lucky Rose;WD-TF-F-0191;200;;;1,99;USD
F-0192;;F_0192;F series;Colorful;Others;A thin transparent film of 8-10 microns.;F;Others;30;Lucky Rose;WD-TF-F-0192;200;;;1,99;USD
F-0193;;F_0193;F series;Colorful;Others;A thin transparent film of 8-10 microns.;F;Others;30;Lucky Rose;WD-TF-F-0193;200;;;1,99;USD
F-0194;;F_0194;F series;Colorful;Others;A thin transparent film of 8-10 microns.;F;Others;30;Lucky Rose;WD-TF-F-0194;200;;;1,99;USD
F-0195;;F_0195;F series;Colorful;Flowers;A thin transparent film of 8-10 microns.;F;Flowers;30;Lucky Rose;WD-TF-F-0195;200;;;1,99;USD
F-0196;;F_0196;F series;Colorful;Mixed;A thin transparent film of 8-10 microns.;F;Mixed;30;Lucky Rose;WD-TF-F-0196;200;;;1,99;USD
F-0197;;F_0197;F series;Colorful;Mixed;A thin transparent film of 8-10 microns.;F;Mixed;30;Lucky Rose;WD-TF-F-0197;200;;;1,99;USD
F-0198;;F_0198;F series;Colorful;Mixed;A thin transparent film of 8-10 microns.;F;Mixed;30;Lucky Rose;WD-TF-F-0198;200;;;1,99;USD
F-0199;;F_0199;F series;Colorful;Abstraction;A thin transparent film of 8-10 microns.;F;Abstraction;30;Lucky Rose;WD-TF-F-0199;200;;;1,99;USD
Minic-0001;76;minic_0001;Minic series;Colorful;Lace;A thin transparent film of 8-10 microns.;Minic;Lace;8;Lucky Rose;WD-TF-M-0001;50;;;0,99;USD
Minic-0002;77;minic_0002;Minic series;Colorful;Butterfly;A thin transparent film of 8-10 microns.;Minic;Butterfly;8;Lucky Rose;WD-TF-M-0002;50;;;0,99;USD
Minic-0003;78;minic_0003;Minic series;Colorful;Pattern;A thin transparent film of 8-10 microns.;Minic;Pattern;8;Lucky Rose;WD-TF-M-0003;50;;;0,99;USD
Minic-0004;79;minic_0004;Minic series;Colorful;Fruits;A thin transparent film of 8-10 microns.;Minic;Fruits;8;Lucky Rose;WD-TF-M-0004;50;;;0,99;USD
Minic-0005;80;minic_0005;Minic series;Colorful;Flowers;A thin transparent film of 8-10 microns.;Minic;Flowers;8;Lucky Rose;WD-TF-M-0005;50;;;0,99;USD
Minic-0006;81;minic_0006;Minic series;Colorful;Flowers;A thin transparent film of 8-10 microns.;Minic;Flowers;8;Lucky Rose;WD-TF-M-0006;50;;;0,99;USD
Minic-0007;82;minic_0007;Minic series;Colorful;Flowers;A thin transparent film of 8-10 microns.;Minic;Flowers;8;Lucky Rose;WD-TF-M-0007;50;;;0,99;USD
Minic-0008;399;minic_0008;Minic series;Colorful;Flowers;A thin transparent film of 8-10 microns.;Minic;Flowers;8;Lucky Rose;WD-TF-M-0008;50;;;0,99;USD
Minic-0009;400;minic_0009;Minic series;Colorful;Flowers;A thin transparent film of 8-10 microns.;Minic;Flowers;8;Lucky Rose;WD-TF-M-0009;50;;;0,99;USD
Minic-0010;401;minic_0010;Minic series;Colorful;Flowers;A thin transparent film of 8-10 microns.;Minic;Flowers;8;Lucky Rose;WD-TF-M-0010;50;;;0,99;USD
Minic-0011;402;minic_0011;Minic series;Colorful;Flowers;A thin transparent film of 8-10 microns.;Minic;Flowers;8;Lucky Rose;WD-TF-M-0011;50;;;0,99;USD
Minic-0012;403;minic_0012;Minic series;Colorful;Flowers;A thin transparent film of 8-10 microns.;Minic;Flowers;8;Lucky Rose;WD-TF-M-0012;50;;;0,99;USD
Minic-0013;404;minic_0013;Minic series;Colorful;Flowers;A thin transparent film of 8-10 microns.;Minic;Flowers;8;Lucky Rose;WD-TF-M-0013;50;;;0,99;USD
Minic-0014;405;minic_0014;Minic series;Black;Lace;A thin transparent film of 8-10 microns.;Minic;Lace;8;Lucky Rose;WD-TF-M-0014;50;;;0,99;USD
Minic-0015;406;minic_0015;Minic series;Colorful;Lace;A thin transparent film of 8-10 microns.;Minic;Lace;8;Lucky Rose;WD-TF-M-0015;50;;;0,99;USD
Minic-0016;407;minic_0016;Minic series;Colorful;Flowers;A thin transparent film of 8-10 microns.;Minic;Flowers;8;Lucky Rose;WD-TF-M-0016;50;;;0,99;USD
Minic-0017;408;minic_0017;Minic series;Colorful;Pattern;A thin transparent film of 8-10 microns.;Minic;Pattern;8;Lucky Rose;WD-TF-M-0017;50;;;0,99;USD
Minic-0018;409;minic_0018;Minic series;Colorful;Flowers;A thin transparent film of 8-10 microns.;Minic;Flowers;8;Lucky Rose;WD-TF-M-0018;50;;;0,99;USD
Minic-0019;410;minic_0019;Minic series;Colorful;Fruits;A thin transparent film of 8-10 microns.;Minic;Fruits;8;Lucky Rose;WD-TF-M-0019;50;;;0,99;USD
Minic-0020;411;minic_0020;Minic series;Colorful;Flowers;A thin transparent film of 8-10 microns.;Minic;Flowers;8;Lucky Rose;WD-TF-M-0020;50;;;0,99;USD
Minic-0021;412;minic_0021;Minic series;Colorful;Flowers;A thin transparent film of 8-10 microns.;Minic;Flowers;8;Lucky Rose;WD-TF-M-0021;50;;;0,99;USD
Minic-0022;413;minic_0022;Minic series;Colorful;Abstraction;A thin transparent film of 8-10 microns.;Minic;Abstraction;8;Lucky Rose;WD-TF-M-0022;50;;;0,99;USD
Minic-0023;414;minic_0023;Minic series;Colorful;Others;A thin transparent film of 8-10 microns.;Minic;Others;8;Lucky Rose;WD-TF-M-0023;50;;;0,99;USD
Minic-0024;415;minic_0024;Minic series;Colorful;Pattern;A thin transparent film of 8-10 microns.;Minic;Pattern;8;Lucky Rose;WD-TF-M-0024;50;;;0,99;USD
Minic-0025;416;minic_0025;Minic series;Colorful;Flowers;A thin transparent film of 8-10 microns.;Minic;Flowers;8;Lucky Rose;WD-TF-M-0025;50;;;0,99;USD
Minic-0026;417;minic_0026;Minic series;Colorful;Others;A thin transparent film of 8-10 microns.;Minic;Others;8;Lucky Rose;WD-TF-M-0026;50;;;0,99;USD
Minic-0027;418;minic_0027;Minic series;Colorful;Flowers;A thin transparent film of 8-10 microns.;Minic;Flowers;8;Lucky Rose;WD-TF-M-0027;50;;;0,99;USD
Minic-0028;419;minic_0028;Minic series;Colorful;Flowers;A thin transparent film of 8-10 microns.;Minic;Flowers;8;Lucky Rose;WD-TF-M-0028;50;;;0,99;USD
Minic-0029;420;minic_0029;Minic series;Colorful;Flowers;A thin transparent film of 8-10 microns.;Minic;Flowers;8;Lucky Rose;WD-TF-M-0029;50;;;0,99;USD
Minic-0030;421;minic_0030;Minic series;Colorful;Flowers;A thin transparent film of 8-10 microns.;Minic;Flowers;8;Lucky Rose;WD-TF-M-0030;50;;;0,99;USD
Minic-0031;422;minic_0031;Minic series;Colorful;Flowers;A thin transparent film of 8-10 microns.;Minic;Flowers;8;Lucky Rose;WD-TF-M-0031;50;;;0,99;USD
Minic-0032;423;minic_0032;Minic series;Colorful;Flowers;A thin transparent film of 8-10 microns.;Minic;Flowers;8;Lucky Rose;WD-TF-M-0032;50;;;0,99;USD
Minic-0033;424;minic_0033;Minic series;Colorful;Flowers;A thin transparent film of 8-10 microns.;Minic;Flowers;8;Lucky Rose;WD-TF-M-0033;50;;;0,99;USD
Minic-0034;425;minic_0034;Minic series;Colorful;Thematic;A thin transparent film of 8-10 microns.;Minic;Thematic;8;Lucky Rose;WD-TF-M-0034;50;;;0,99;USD
Minic-0035;426;minic_0035;Minic series;Colorful;Butterfly;A thin transparent film of 8-10 microns.;Minic;Butterfly;8;Lucky Rose;WD-TF-M-0035;50;;;0,99;USD
Minic-0036;427;minic_0036;Minic series;Colorful;Flowers;A thin transparent film of 8-10 microns.;Minic;Flowers;8;Lucky Rose;WD-TF-M-0036;50;;;0,99;USD
Minic-0037;428;minic_0037;Minic series;Colorful;Thematic;A thin transparent film of 8-10 microns.;Minic;Thematic;8;Lucky Rose;WD-TF-M-0037;50;;;0,99;USD
Minic-0038;429;minic_0038;Minic series;Colorful;Fruits;A thin transparent film of 8-10 microns.;Minic;Fruits;8;Lucky Rose;WD-TF-M-0038;50;;;0,99;USD
Minic-0039;430;minic_0039;Minic series;Colorful;Flowers;A thin transparent film of 8-10 microns.;Minic;Flowers;8;Lucky Rose;WD-TF-M-0039;50;;;0,99;USD
Minic-0040;431;minic_0040;Minic series;Colorful;Flowers;A thin transparent film of 8-10 microns.;Minic;Flowers;8;Lucky Rose;WD-TF-M-0040;50;;;0,99;USD
Minic-0041;432;minic_0041;Minic series;Colorful;Flowers;A thin transparent film of 8-10 microns.;Minic;Flowers;8;Lucky Rose;WD-TF-M-0041;50;;;0,99;USD
Minic-0042;433;minic_0042;Minic series;Colorful;Mixed;A thin transparent film of 8-10 microns.;Minic;Mixed;8;Lucky Rose;WD-TF-M-0042;50;;;0,99;USD
Minic-0043;487;minic_0043;Minic series;Colorful;Abstraction;A thin transparent film of 8-10 microns.;Minic;Abstraction;8;Lucky Rose;WD-TF-M-0043;50;;;0,99;USD
Minic-0044;488;minic_0044;Minic series;Colorful;Flowers;A thin transparent film of 8-10 microns.;Minic;Flowers;8;Lucky Rose;WD-TF-M-0044;50;;;0,99;USD
Minic-0045;489;minic_0045;Minic series;Colorful;Flowers;A thin transparent film of 8-10 microns.;Minic;Flowers;8;Lucky Rose;WD-TF-M-0045;50;;;0,99;USD
Minic-0046;490;minic_0046;Minic series;Colorful;Seosons;A thin transparent film of 8-10 microns.;Minic;Seosons;8;Lucky Rose;WD-TF-M-0046;50;;;0,99;USD
Minic-0047;491;minic_0047;Minic series;Colorful;Abstraction;A thin transparent film of 8-10 microns.;Minic;Abstraction;8;Lucky Rose;WD-TF-M-0047;50;;;0,99;USD
Minic-0048;492;minic_0048;Minic series;Colorful;Animals;A thin transparent film of 8-10 microns.;Minic;Animals;8;Lucky Rose;WD-TF-M-0048;50;;;0,99;USD
Minic-0049;493;minic_0049;Minic series;Colorful;Animals;A thin transparent film of 8-10 microns.;Minic;Animals;8;Lucky Rose;WD-TF-M-0049;50;;;0,99;USD
Minic-0050;494;minic_0050;Minic series;Colorful;Seosons;A thin transparent film of 8-10 microns.;Minic;Seosons;8;Lucky Rose;WD-TF-M-0050;50;;;0,99;USD
Minic-0051;495;minic_0051;Minic series;Colorful;Flowers;A thin transparent film of 8-10 microns.;Minic;Flowers;8;Lucky Rose;WD-TF-M-0051;50;;;0,99;USD
Minic-0052;496;minic_0052;Minic series;Colorful;Flowers;A thin transparent film of 8-10 microns.;Minic;Flowers;8;Lucky Rose;WD-TF-M-0052;50;;;0,99;USD
Minic-0053;497;minic_0053;Minic series;Colorful;Flowers;A thin transparent film of 8-10 microns.;Minic;Flowers;8;Lucky Rose;WD-TF-M-0053;50;;;0,99;USD
Minic-0054;498;minic_0054;Minic series;Colorful;Flowers;A thin transparent film of 8-10 microns.;Minic;Flowers;8;Lucky Rose;WD-TF-M-0054;50;;;0,99;USD
Minic-0055;499;minic_0055;Minic series;Colorful;Flowers;A thin transparent film of 8-10 microns.;Minic;Flowers;8;Lucky Rose;WD-TF-M-0055;50;;;0,99;USD
Minic-0056;500;minic_0056;Minic series;Colorful;Flowers;A thin transparent film of 8-10 microns.;Minic;Flowers;8;Lucky Rose;WD-TF-M-0056;50;;;0,99;USD
Minic-0057;501;minic_0057;Minic series;Colorful;Others;A thin transparent film of 8-10 microns.;Minic;Others;8;Lucky Rose;WD-TF-M-0057;50;;;0,99;USD
Minic-0058;502;minic_0058;Minic series;Colorful;Mixed;A thin transparent film of 8-10 microns.;Minic;Mixed;8;Lucky Rose;WD-TF-M-0058;50;;;0,99;USD
Minic-0059;503;minic_0059;Minic series;Colorful;Mixed;A thin transparent film of 8-10 microns.;Minic;Mixed;8;Lucky Rose;WD-TF-M-0059;50;;;0,99;USD
Minic-0060;504;minic_0060;Minic series;Colorful;Mixed;A thin transparent film of 8-10 microns.;Minic;Mixed;8;Lucky Rose;WD-TF-M-0060;50;;;0,99;USD
Minic-0061;505;minic_0061;Minic series;Colorful;Mixed;A thin transparent film of 8-10 microns.;Minic;Mixed;8;Lucky Rose;WD-TF-M-0061;50;;;0,99;USD
Minic-0062;506;minic_0062;Minic series;Colorful;Mixed;A thin transparent film of 8-10 microns.;Minic;Mixed;8;Lucky Rose;WD-TF-M-0062;50;;;0,99;USD
Minic-0063;507;minic_0063;Minic series;Colorful;Flowers;A thin transparent film of 8-10 microns.;Minic;Flowers;8;Lucky Rose;WD-TF-M-0063;50;;;0,99;USD
Minic-0064;508;minic_0064;Minic series;Colorful;Flowers;A thin transparent film of 8-10 microns.;Minic;Flowers;8;Lucky Rose;WD-TF-M-0064;50;;;0,99;USD
Minic-0065;509;minic_0065;Minic series;Colorful;Flowers;A thin transparent film of 8-10 microns.;Minic;Flowers;8;Lucky Rose;WD-TF-M-0065;50;;;0,99;USD
Modeling-0001;531;modeling_0001;Stencils;Black;Animals;A thin transparent film of 8-10 microns.;Modeling;Animals;14;Lucky Rose;WD-TF-M-0001;200;;;1,99;USD
Modeling-0002;532;modeling_0002;Stencils;Black;Pattern;A thin transparent film of 8-10 microns.;Modeling;Pattern;14;Lucky Rose;WD-TF-M-0002;200;;;1,99;USD
Modeling-0003;533;modeling_0003;Stencils;Black;Floral;A thin transparent film of 8-10 microns.;Modeling;Floral;14;Lucky Rose;WD-TF-M-0003;200;;;1,99;USD
Modeling-0004;534;modeling_0004;Stencils;Black;Mixed;A thin transparent film of 8-10 microns.;Modeling;Mixed;14;Lucky Rose;WD-TF-M-0004;200;;;1,99;USD
Modeling-0005;535;modeling_0005;Stencils;Black;Floral;A thin transparent film of 8-10 microns.;Modeling;Floral;14;Lucky Rose;WD-TF-M-0005;200;;;1,99;USD
Pedicure-0001;130;pedicure_0001;Pedicure;Colorful;Floral;A thin transparent film of 8-10 microns.;Pedicure;Floral;12;Lucky Rose;WD-WF-P-0001;200;;;1,99;USD
Pedicure-0002;131;pedicure_0002;Pedicure;Colorful;Floral;A thin transparent film of 8-10 microns.;Pedicure;Floral;12;Lucky Rose;WD-WF-P-0002;200;;;1,99;USD
Pedicure-0003;132;pedicure_0003;Pedicure;Colorful;Others;A thin transparent film of 8-10 microns.;Pedicure;Others;12;Lucky Rose;WD-WF-P-0003;200;;;1,99;USD
Pedicure-0004;133;pedicure_0004;Pedicure;Colorful;Others;A thin transparent film of 8-10 microns.;Pedicure;Others;12;Lucky Rose;WD-WF-P-0004;200;;;1,99;USD
Pedicure-0005;134;pedicure_0005;Pedicure;Colorful;Floral;A thin transparent film of 8-10 microns.;Pedicure;Floral;12;Lucky Rose;WD-WF-P-0005;200;;;1,99;USD
Pedicure-0006;135;pedicure_0006;Pedicure;Colorful;Thematic;A thin transparent film of 8-10 microns.;Pedicure;Thematic;12;Lucky Rose;WD-WF-P-0006;200;;;1,99;USD
Pedicure-0007;136;pedicure_0007;Pedicure;Colorful;Floral;A thin transparent film of 8-10 microns.;Pedicure;Floral;12;Lucky Rose;WD-WF-P-0007;200;;;1,99;USD
Pedicure-0008;;pedicure_0008;Pedicure;Colorful;Floral;A thin transparent film of 8-10 microns.;Pedicure;Floral;12;Lucky Rose;WD-WF-P-0008;200;;;1,99;USD
Pedicure-0009;;pedicure_0009;Pedicure;Colorful;Floral;A thin transparent film of 8-10 microns.;Pedicure;Floral;12;Lucky Rose;WD-WF-P-0009;200;;;1,99;USD
Pedicure-0010;;pedicure_0010;Pedicure;Colorful;Abstraction;A thin transparent film of 8-10 microns.;Pedicure;Abstraction;12;Lucky Rose;WD-WF-P-0010;200;;;1,99;USD
Pedicure-0011;;pedicure_0011;Pedicure;Colorful;Others;A thin transparent film of 8-10 microns.;Pedicure;Others;12;Lucky Rose;WD-WF-P-0011;200;;;1,99;USD
Pedicure-0012;;pedicure_0012;Pedicure;Colorful;Flowers;A thin transparent film of 8-10 microns.;Pedicure;Flowers;12;Lucky Rose;WD-WF-P-0012;200;;;1,99;USD
Pedicure-0013;;pedicure_0013;Pedicure;Colorful;Floral;A thin transparent film of 8-10 microns.;Pedicure;Floral;12;Lucky Rose;WD-WF-P-0013;200;;;1,99;USD
Pedicure-0014;;pedicure_0014;Pedicure;Colorful;Thematic;A thin transparent film of 8-10 microns.;Pedicure;Thematic;12;Lucky Rose;WD-WF-P-0014;200;;;1,99;USD
Pedicure-0015;;pedicure_0015;Pedicure;Colorful;Flowers;A thin transparent film of 8-10 microns.;Pedicure;Flowers;12;Lucky Rose;WD-WF-P-0015;200;;;1,99;USD
Pedicure-0016;;pedicure_0016;Pedicure;Colorful;Flowers;A thin transparent film of 8-10 microns.;Pedicure;Flowers;12;Lucky Rose;WD-WF-P-0016;200;;;1,99;USD
Pedicure-0017;;pedicure_0017;Pedicure;Black;Lace;A thin transparent film of 8-10 microns.;Pedicure;Lace;12;Lucky Rose;WD-WF-P-0017;200;;;1,99;USD
Pedicure-0018;;pedicure_0018;Pedicure;Colorful;Flowers;A thin transparent film of 8-10 microns.;Pedicure;Flowers;12;Lucky Rose;WD-WF-P-0018;200;;;1,99;USD
Pedicure-0019;;pedicure_0019;Pedicure;Colorful;Flowers;A thin transparent film of 8-10 microns.;Pedicure;Flowers;12;Lucky Rose;WD-WF-P-0019;200;;;1,99;USD
Pedicure-0020;;pedicure_0020;Pedicure;Colorful;Flowers;A thin transparent film of 8-10 microns.;Pedicure;Flowers;12;Lucky Rose;WD-WF-P-0020;200;;;1,99;USD
True Colour-0001;464;true_colour_0001;True Colour series;Black-White;Floral;A thin transparent film of 8-10 microns.;True Colour;Floral;30;Lucky Rose;WD-TF-TC-0001;200;;;1,99;USD
True Colour-0002;465;true_colour_0002;True Colour series;Colorful;Geometry;A thin transparent film of 8-10 microns.;True Colour;Geometry;30;Lucky Rose;WD-TF-TC-0002;200;;;1,99;USD
True Colour-0003;466;true_colour_0003;True Colour series;Colorful;Geometry;A thin transparent film of 8-10 microns.;True Colour;Geometry;21;Lucky Rose;WD-TF-TC-0003;200;;;1,99;USD
True Colour-0004;467;true_colour_0004;True Colour series;Colorful;Mixed;A thin transparent film of 8-10 microns.;True Colour;Mixed;21;Lucky Rose;WD-TF-TC-0004;200;;;1,99;USD
True Colour-0005;468;true_colour_0005;True Colour series;Colorful;Inscriptions;A thin transparent film of 8-10 microns.;True Colour;Inscriptions;21;Lucky Rose;WD-TF-TC-0005;200;;;1,99;USD
True Colour-0006;469;true_colour_0006;True Colour series;Colorful;Floral;A thin transparent film of 8-10 microns.;True Colour;Floral;30;Lucky Rose;WD-TF-TC-0006;200;;;1,99;USD
True Colour-0007;470;true_colour_0007;True Colour series;Colorful;Mixed;A thin transparent film of 8-10 microns.;True Colour;Mixed;21;Lucky Rose;WD-TF-TC-0007;200;;;1,99;USD
True Colour-0008;471;true_colour_0008;True Colour series;Colorful;Mixed;A thin transparent film of 8-10 microns.;True Colour;Mixed;21;Lucky Rose;WD-TF-TC-0008;200;;;1,99;USD
True Colour-0009;472;true_colour_0009;True Colour series;Colorful;Nature;A thin transparent film of 8-10 microns.;True Colour;Nature;21;Lucky Rose;WD-TF-TC-0009;200;;;1,99;USD
True Colour-0010;473;true_colour_0010;True Colour series;Colorful;Nature;A thin transparent film of 8-10 microns.;True Colour;Nature;21;Lucky Rose;WD-TF-TC-0010;200;;;1,99;USD
True Colour-0011;474;true_colour_0011;True Colour series;Colorful;Inscriptions;A thin transparent film of 8-10 microns.;True Colour;Inscriptions;30;Lucky Rose;WD-TF-TC-0001;200;;;1,99;USD
True Colour-0012;475;true_colour_0012;True Colour series;Colorful;Mixed;A thin transparent film of 8-10 microns.;True Colour;Mixed;21;Lucky Rose;WD-TF-TC-0012;200;;;1,99;USD
True Colour-0013;476;true_colour_0013;True Colour series;Black-White;Seosons;A thin transparent film of 8-10 microns.;True Colour;Seosons;30;Lucky Rose;WD-TF-TC-0013;200;;;1,99;USD
True Colour-0014;477;true_colour_0014;True Colour series;Colorful;Mixed;A thin transparent film of 8-10 microns.;True Colour;Mixed;30;Lucky Rose;WD-TF-TC-0014;200;;;1,99;USD
True Colour-0015;478;true_colour_0015;True Colour series;Colorful;Animals;A thin transparent film of 8-10 microns.;True Colour;Animals;30;Lucky Rose;WD-TF-TC-0015;200;;;1,99;USD
True Colour-0016;479;true_colour_0016;True Colour series;Colorful;Mixed;A thin transparent film of 8-10 microns.;True Colour;Mixed;30;Lucky Rose;WD-TF-TC-0016;200;;;1,99;USD
True Colour-0017;480;true_colour_0017;True Colour series;Colorful;Mixed;A thin transparent film of 8-10 microns.;True Colour;Mixed;21;Lucky Rose;WD-TF-TC-0017;200;;;1,99;USD
True Colour-0018;481;true_colour_0018;True Colour series;Colorful;Nature;A thin transparent film of 8-10 microns.;True Colour;Nature;21;Lucky Rose;WD-TF-TC-0018;200;;;1,99;USD
True Colour-0019;482;true_colour_0019;True Colour series;Colorful;Floral;A thin transparent film of 8-10 microns.;True Colour;Floral;30;Lucky Rose;WD-TF-TC-0019;200;;;1,99;USD
True Colour-0020;483;true_colour_0020;True Colour series;Colorful;Mixed;A thin transparent film of 8-10 microns.;True Colour;Mixed;30;Lucky Rose;WD-TF-TC-0020;200;;;1,99;USD
True Colour-0021;484;true_colour_0021;True Colour series;Colorful;Inscriptions;A thin transparent film of 8-10 microns.;True Colour;Inscriptions;30;Lucky Rose;WD-TF-TC-0021;200;;;1,99;USD
True Colour-0022;485;true_colour_0022;True Colour series;Colorful;Animals;A thin transparent film of 8-10 microns.;True Colour;Animals;30;Lucky Rose;WD-TF-TC-0022;200;;;1,99;USD
True Colour-0023;486;true_colour_0023;True Colour series;Colorful;Inscriptions;A thin transparent film of 8-10 microns.;True Colour;Inscriptions;30;Lucky Rose;WD-TF-TC-0023;200;;;1,99;USD
True Colour-0024;537;true_colour_0024;True Colour series;Colorful;Mixed;A thin transparent film of 8-10 microns.;True Colour;Mixed;30;Lucky Rose;WD-TF-TC-0024;200;;;1,99;USD
True Colour-0025;;true_colour_0025;True Colour series;Colorful;Thematic;A thin transparent film of 8-10 microns.;True Colour;Thematic;30;Lucky Rose;WD-TF-TC-0025;200;;;1,99;USD
True Colour-0026;;true_colour_0026;True Colour series;Colorful;Mixed;A thin transparent film of 8-10 microns.;True Colour;Mixed;30;Lucky Rose;WD-TF-TC-0026;200;;;1,99;USD
True Colour-0027;;true_colour_0027;True Colour series;Colorful;Mixed;A thin transparent film of 8-10 microns.;True Colour;Mixed;30;Lucky Rose;WD-TF-TC-0027;200;;;1,99;USD
True Colour-0028;;true_colour_0028;True Colour series;Colorful;Mixed;A thin transparent film of 8-10 microns.;True Colour;Mixed;30;Lucky Rose;WD-TF-TC-0028;200;;;1,99;USD
True Colour-0029;;true_colour_0029;True Colour series;Colorful;Others;A thin transparent film of 8-10 microns.;True Colour;Others;30;Lucky Rose;WD-TF-TC-0029;200;;;1,99;USD
True Colour-0030;;true_colour_0030;True Colour series;Colorful;Flowers;A thin transparent film of 8-10 microns.;True Colour;Flowers;30;Lucky Rose;WD-TF-TC-0030;200;;;1,99;USD
True Colour-0031;;true_colour_0031;True Colour series;Colorful;Mixed;A thin transparent film of 8-10 microns.;True Colour;Mixed;30;Lucky Rose;WD-TF-TC-0031;200;;;1,99;USD
True Colour-0032;;true_colour_0032;True Colour series;Colorful;Floral;A thin transparent film of 8-10 microns.;True Colour;Floral;21;Lucky Rose;WD-TF-TC-0032;200;;;1,99;USD
True Colour-0033;;true_colour_0033;True Colour series;Colorful;Others;A thin transparent film of 8-10 microns.;True Colour;Others;30;Lucky Rose;WD-TF-TC-0033;200;;;1,99;USD
True Colour-0034;;true_colour_0034;True Colour series;Colorful;Others;A thin transparent film of 8-10 microns.;True Colour;Others;30;Lucky Rose;WD-TF-TC-0034;200;;;1,99;USD
True Colour-0035;;true_colour_0035;True Colour series;Colorful;Flowers;A thin transparent film of 8-10 microns.;True Colour;Flowers;30;Lucky Rose;WD-TF-TC-0035;200;;;1,99;USD
True Colour-0036;;true_colour_0036;True Colour series;Colorful;Mixed;A thin transparent film of 8-10 microns.;True Colour;Mixed;30;Lucky Rose;WD-TF-TC-0036;200;;;1,99;USD
True Colour-0037;;true_colour_0037;True Colour series;Colorful;Mixed;A thin transparent film of 8-10 microns.;True Colour;Mixed;30;Lucky Rose;WD-TF-TC-0037;200;;;1,99;USD
True Colour-0038;;true_colour_0038;True Colour series;Colorful;Mixed;A thin transparent film of 8-10 microns.;True Colour;Mixed;30;Lucky Rose;WD-TF-TC-0038;200;;;1,99;USD
True Colour-0039;;true_colour_0039;True Colour series;Colorful;Mixed;A thin transparent film of 8-10 microns.;True Colour;Mixed;30;Lucky Rose;WD-TF-TC-0039;200;;;1,99;USD
True Colour-0040;;true_colour_0040;True Colour series;Colorful;Animals;A thin transparent film of 8-10 microns.;True Colour;Animals;30;Lucky Rose;WD-TF-TC-0040;200;;;1,99;USD
True Colour-0041;;true_colour_0041;True Colour series;Black-White;Seosons;A thin transparent film of 8-10 microns.;True Colour;Seosons;30;Lucky Rose;WD-TF-TC-0041;200;;;1,99;USD
True Colour-0042;;true_colour_0042;True Colour series;Colorful;Mixed;A thin transparent film of 8-10 microns.;True Colour;Mixed;30;Lucky Rose;WD-TF-TC-0042;200;;;1,99;USD
True Colour-0043;;true_colour_0043;True Colour series;Colorful;Inscriptions;A thin transparent film of 8-10 microns.;True Colour;Inscriptions;30;Lucky Rose;WD-TF-TC-0043;200;;;1,99;USD
True Colour-0044;;true_colour_0044;True Colour series;Colorful;Geometry;A thin transparent film of 8-10 microns.;True Colour;Geometry;14;Lucky Rose;WD-TF-TC-0044;200;;;1,99;USD
True Colour-0045;;true_colour_0045;True Colour series;Colorful;Geometry;A thin transparent film of 8-10 microns.;True Colour;Geometry;14;Lucky Rose;WD-TF-TC-0045;200;;;1,99;USD
White-0001;98;white_0001;White series;White;Geometry;A thin transparent film of 8-10 microns.;White;Geometry;14;Lucky Rose;WD-TF-W-0001;200;;;1,99;USD
White-0002;99;white_0002;White series;White;Floral;A thin transparent film of 8-10 microns.;White;Floral;14;Lucky Rose;WD-TF-W-0002;200;;;1,99;USD
White-0003;100;white_0003;White series;White;Lace;A thin transparent film of 8-10 microns.;White;Lace;14;Lucky Rose;WD-TF-W-0003;200;;;1,99;USD
White-0004;101;white_0004;White series;White;Thematic;A thin transparent film of 8-10 microns.;White;Thematic;14;Lucky Rose;WD-TF-W-0004;200;;;1,99;USD
White-0005;102;white_0005;White series;White;Floral;A thin transparent film of 8-10 microns.;White;Floral;14;Lucky Rose;WD-TF-W-0005;200;;;1,99;USD
White-0006;103;white_0006;White series;White;Lace;A thin transparent film of 8-10 microns.;White;Lace;14;Lucky Rose;WD-TF-W-0006;200;;;1,99;USD
White-0007;104;white_0007;White series;White;Lace;A thin transparent film of 8-10 microns.;White;Lace;14;Lucky Rose;WD-TF-W-0007;200;;;1,99;USD
White-0008;457;white_0008;White series;White;Lace;A thin transparent film of 8-10 microns.;White;Laca;14;Lucky Rose;WD-TF-W-0008;200;;;1,99;USD
White-0009;458;white_0009;White series;White;Thematic;A thin transparent film of 8-10 microns.;White;Thematic;30;Lucky Rose;WD-TF-W-0009;200;;;1,99;USD
White-0010;;white_0010;White series;White;Seosons;A thin transparent film of 8-10 microns.;White;Seosons;30;Lucky Rose;WD-TF-W-0010;200;;;1,99;USD
